customer_id	customer_first_name	customer_family_name	customer_gender	customer_birth_date	customer_country	customer_phone_number
7529424	Tatiana	REZE	F	19/12/1976	Nigeria	+2348118052430
5688420	Soizic	FOUILLET	F	22/09/1976	Tunisia	+21636540047
7549035	Maude	SUPIOT	F	01/09/1980	Italy	+395040038978
4119351	Gilles	GENDRY	F	07/06/1989	Turkey	+908616296054
1297594	Gwenaelle	POMMIER	F	19/11/1983	Austria	+439333168480
9265259	Jean-Patrice	CAILLET	M	17/01/1990	Argentina	+544242909748
2531752	Christel	GOULET	M	04/08/1981	Morocco	+212822671423
3185905	Marie-Annick	DIARD	F	17/11/1989	Morocco	+212621463806
2445019	Annaïck	FRESNAIS	F	14/09/1975	Netherlands	+31179894436
6719254	Pierre-Edouard	LEAU	M	03/05/1986	Colombia	+5704043651
5862299	Magdeleine	BEUGNIER	F	09/08/1980	Chile	+56567066904
8432369	Huguette	LE BRETON	F	14/09/1990	Nigeria	+2345149801021
9147185	Emilie	PASQUIET	F	16/05/1970	Russia	+76701046972
4751486	Jean-Félix	BARTHELEMY	M	14/05/1986	Mexico	+523068769308
2774932	Céline	RABAULT	M	03/09/1975	Morocco	+212485686019
5289818	Joachim	VERNEAU	M	28/01/1976	India	+912466774547
8128034	Margaret	MARCHAIS	F	14/08/1980	Japan	+810590923117
9923572	Jean-Loup	ROULLEAU	M	10/03/1988	France	+33802809645
2134022	Eliane	HIRON	M	04/10/1978	Austria	+439083548353
8432986	Jeanne	CHARON	F	25/07/1975	Japan	+810326132902
1096030	Malik	BEAUCHENE	M	22/06/1984	Australia	+617127102995
0949994	Any	MAUSSION	F	06/06/1973	Netherlands	+31864005318
5417436	Valerie	FERTRE	F	28/05/1973	Canada	+10135677157
8907057	Joanna	CARRE	F	28/06/1975	Norway	+4732815018
8521618	Ursula	LENOIR	F	29/06/1979	Netherlands	+31639601902
3668107	Ghislain	ROMPILLON	M	13/04/1985	Canada	+15481071488
9817263	Christèle	LATOUR	F	20/06/1974	Norway	+4791443118
9243690	Robert	ALBERT	M	02/10/1972	Germany	+495637539928
8938185	Yolène	FOURRIER	F	02/02/1973	Tunisia	+21621524324
3478960	Herbert	GAGNEUX	M	10/06/1970	Switzerland	+412290796886
7618975	Andre	GAULT	M	24/07/1989	Russia	+75126722776
3633946	Geoffroy	GOGUET	M	29/10/1989	Russia	+73848690959
5285926	Wilfrid	LEMASSON	M	16/02/1976	Argentina	+542950492543
0482158	Aristide	OLIVE	M	31/10/1988	Tunisia	+21682347776
1361018	Habib	ROCHAIS	M	03/09/1975	Germany	+498235928381
0929206	Bachir	CHAUVREAU	M	13/10/1973	Germany	+498089828240
6094686	Armelle	ALUSSE	F	09/04/1970	Morocco	+212146722251
8605103	Marylin	LANDREAU	F	14/08/1986	Spain	+34837612213
8437949	Hermine	AYRAULT	F	30/07/1974	United States of America	+18321884265
9755913	Gwénaëlle	PAQUEREAU	F	02/02/1981	Nigeria	+2347938195222
7650360	Nelly	COEFFARD	M	16/09/1984	Morocco	+212100498406
7013174	Pierre-Eric	BRICARD	M	04/07/1971	Iran	+984376560855
9799148	Nadine	BRARD	F	07/07/1985	India	+917336885295
8195023	Lucas	MENANT	M	02/05/1985	Japan	+811355264316
1910557	Marie Paule	RIVIERE	F	22/06/1975	Nigeria	+2340087378298
0642178	Raphaële	RAUTURIER	F	29/04/1971	Netherlands	+31668354704
3309772	Cyrielle	CHEVAL	F	06/02/1978	Austria	+436006832310
3448554	Marie-Ange	VINCELOT	M	16/11/1984	Chile	+56915180416
9071178	Louisette	BLET	F	01/10/1977	Morocco	+212911827828
1522651	Gwenaëlle	HOUET	F	25/03/1988	Iran	+981241036297
6149906	Blandine	BOUVET	F	04/10/1979	Norway	+4766670564
1553603	Nelson	CADIOU	M	07/05/1984	Finland	+3586696807293
4156182	Soizic	BOYEAU	F	26/01/1970	Brazil	+554387621231
7098389	Karim	VIAUX	M	03/09/1971	Belgium	+32937095461
7839957	Lamine	GERNIGON	M	08/08/1976	Iran	+983139910726
7342932	Saïda	RICHOU	F	22/03/1978	Russia	+71557618616
9429551	Jean-Mary	PERON	M	23/06/1971	China	+862104442742
8988846	Colette	RAUTUREAU	M	16/01/1978	Canada	+15068400116
4322680	Any	CHEVRE	F	13/09/1981	France	+33660622528
2344694	Claudy	TERRIEN	M	16/12/1989	Finland	+3583637237421
2220971	Anne	LAPORTE	F	05/07/1982	Colombia	+5758195601
5714451	Marie-Henriette	RAUTUREAU	F	23/09/1984	Germany	+495655577828
4604252	Daisy	OGER	F	21/10/1985	Turkey	+908883563249
9118141	Joceline	JOSEPH	F	08/10/1988	Mexico	+528860269453
1878921	Marie-Gabrielle	JUVIN	F	21/07/1978	Morocco	+212748018147
5187737	Maryse	SCHMITT	F	19/02/1971	Colombia	+5781400750
0155550	Deborah	REVEILLARD	F	22/10/1980	Finland	+3587885962768
9294377	Audrey	LACOSTE	F	24/11/1983	Tunisia	+21649795714
4690442	Jean-Joseph	PICHONNEAU	M	22/11/1984	Australia	+614951022869
2966445	Morgane	AUDEBERT	F	07/09/1980	Morocco	+212773442632
8962290	Hamed	BODUSSEAU	M	01/01/1980	Norway	+4722524073
7935458	Cyrille	BIZON	F	28/02/1978	Turkey	+903138804086
6504675	Kathleen	FRUCHET	F	02/01/1984	Argentina	+542211283994
3881672	Philippe	LEMAIRE	F	30/10/1981	Switzerland	+415936205005
7075007	Alice	LE GUEN	F	18/08/1976	Finland	+3580579127189
8148313	Gratien	HERY	M	29/11/1971	Japan	+811336504931
6426083	Thérèse	GUESDON	F	16/01/1980	Nigeria	+2348475458498
4950109	Arsène	GIRARD	M	02/05/1981	Turkey	+901738461008
9548729	Josselin	GASCHET	M	06/02/1989	Brazil	+559969154714
3303823	Janny	TULASNE	F	13/03/1990	Nigeria	+2348606836960
8788081	Eddy	RAPIN	M	06/07/1971	Mexico	+520699889684
9593798	Yvonne	GAZON	F	05/04/1983	United Kingdom	+447895875653
2293909	Léonce	BOISTAULT	M	02/04/1975	Morocco	+212529907263
9670418	Marie-Aude	BODIN	F	28/02/1987	United States of America	+12935156925
5406831	Mounir	DAVY	M	18/09/1990	Russia	+72933799688
7538021	Jean-Marie	MILLET	F	16/07/1975	Brazil	+558646609526
2606497	Mehdi	LATTE	M	13/12/1988	Morocco	+212202944977
0731428	Vincenza	TISSEAU	F	02/12/1985	China	+860076325616
9689926	Isabel	HARDOUIN	F	27/04/1972	France	+33664305613
4492832	Agnès	BOUCHEREAU	F	20/01/1983	Netherlands	+31647654291
2695531	Leïla	LAURENDEAU	F	12/01/1983	Japan	+816394571025
4708785	Gratien	PIRARD	M	17/11/1978	Finland	+3589144264771
8944017	Marie Jose	ROBIN	F	12/06/1980	China	+867312699699
5840963	Jean-Laurent	ROUSSIASSE	M	16/10/1974	Netherlands	+31446139221
5914827	Gaël	DELAUNE	M	25/05/1986	Brazil	+559938750953
8668182	Souad	SOULARD	F	08/05/1975	United States of America	+19789816947
1083546	Catherine	GOURAUD	F	29/03/1972	Mexico	+520893890545
0901974	Marie-Joseph	LAILLER	F	23/08/1971	Lebanon	+96109979021
6974895	Ismaël	LAINE	M	06/02/1990	Spain	+34039152343
1088766	Gisèle	VILAIN	M	12/02/1980	Austria	+434968966897
9231578	Louise	BRILLANT	F	30/06/1989	Morocco	+212471036837
4337686	Jean-Yvon	BOUCHARD	M	27/04/1981	Norway	+4707887888
7037669	Charlotte	BOURON	F	17/07/1975	Greece	+302963602465
7496173	Claudy	GATINEAU	M	06/10/1970	Italy	+392761192572
1590556	Régine	BEZIE	F	20/03/1983	India	+919008272284
6102515	Yannick	BOUHIER	M	20/11/1972	Italy	+393257990251
4276622	Jean-Mathieu	VAIDIE	M	25/02/1976	Russia	+71005705922
1200796	Jean Louis	GUINEHUT	M	21/06/1981	Turkey	+900088685551
6781183	Rachel	LEFEBVRE	F	17/04/1985	Russia	+74656875345
8528953	Michel	CHARBONNEL	F	31/10/1974	Sweden	+464000933335
1702828	Maggy	MANDIN	F	23/01/1972	Lebanon	+96126380899
6014751	Marie-Alice	BELANGER	F	14/05/1987	Netherlands	+31077291382
5438035	Lilian	MASSON	M	31/01/1982	Lebanon	+96128256412
8274614	Gilles	BELLARD	F	28/11/1980	Germany	+492715665980
5179120	Léon	BENETEAU	M	14/08/1973	Argentina	+543321439205
9585485	Malika	JOLLIVET	F	13/07/1979	Austria	+433328222738
7391329	Alexia	JOSEPH	F	05/06/1990	Italy	+397385812485
6620914	Lydie	COQUERIE	M	01/06/1971	France	+33438703415
9337777	Marie-Madeleine	BOTTEREAU	F	12/02/1985	India	+911679027641
9663538	Aurore	LESPAGNOL	F	09/07/1986	Lebanon	+96126140837
7596323	Celine	BEAUPERIN	F	05/09/1990	France	+33946357411
3362548	Jany	HEMERY	M	28/04/1973	Sweden	+460636539964
8642626	Pierre Yves	LE BRAS	M	04/08/1983	Greece	+302996599860
1161824	Quentin	PROUTIERE	M	02/09/1972	Australia	+613322952949
2744701	Pierre-Paul	BOURGERIE	M	17/06/1983	Tunisia	+21664912304
1455981	Helmut	ORAIN	M	02/01/1984	Morocco	+212945375439
1215663	Vianney	CHAUVIGNE	M	07/03/1975	Germany	+493887947949
3721194	Justine	FROUIN	F	23/02/1986	Finland	+3587672347952
2500529	Naïma	CHARBONNEL	F	20/06/1976	Turkey	+902156267529
0708214	Viviane	BURET	M	26/11/1985	Finland	+3583937289703
9950399	Marie-Christiane	CIRET	F	05/12/1977	Chile	+56760770431
6701698	Cathérine	RENOUX	F	23/09/1980	Turkey	+905358506514
4057431	Frédérik	JAUD	M	02/10/1976	Austria	+437246317648
4989599	Marie-Elisabeth	DEVAUD	F	12/04/1972	Greece	+302257638384
1001057	Boris	REDUREAU	M	15/02/1977	India	+916337314827
1207685	Bernardette	DESMATS	F	10/06/1988	Brazil	+551424600882
2946774	Manuella	BLANCHET	F	01/05/1981	Nigeria	+2348459849612
3145601	Astrid	GODIVEAU	F	03/03/1975	Finland	+3585345617298
5606675	Claudine	OSSANT	F	30/01/1985	Nigeria	+2343318923506
8953943	Juliana	ALUSSE	F	16/05/1980	Germany	+499498835923
7650163	Paquita	LORIEUX	F	23/05/1974	Mexico	+524297604800
8326216	Éric	GEINDREAU	M	23/01/1975	Netherlands	+31552007998
4750773	Quentin	CHAMAILLE	M	17/02/1989	Japan	+812354141220
9046712	Georgette	BOUE	F	04/12/1983	Tunisia	+21686545293
0524366	Maryline	CHEVET	F	29/12/1972	Netherlands	+31071449982
8835291	Nathalie	DECRON	F	25/04/1985	Austria	+433855792315
5880573	Mickael	JUBIN	M	18/08/1979	Argentina	+540958593646
9146242	Laurence	BUSSON	F	01/02/1984	Chile	+56914789655
4022843	Marie Paule	BIGNON	F	25/06/1988	Norway	+4740618218
4679069	Grégoire	VEGER	M	21/11/1987	India	+912233324691
6657801	Amaury	ROULEAU	M	27/12/1977	India	+918105127088
7451821	Aimé	ROLAND	M	18/03/1985	Finland	+3583980435140
3842210	Marie Hélène	VENDE	F	01/10/1982	Finland	+3587377372063
2641096	Martina	BAUDRY	F	29/05/1970	Greece	+308717986538
9344298	Patric	DENECHEAU	M	02/08/1973	Brazil	+555727889703
9889315	Murièle	FORGET	F	04/11/1985	Spain	+34992106079
3192720	Jean Marcel	DOHIN	M	20/04/1971	Spain	+34206393648
2347668	Chantal	VINCONNEAU	F	02/10/1985	Japan	+815033249528
6387920	Ghislaine	JOUET	F	01/03/1985	France	+33032133894
3792822	Karine	CHARPENTIER	M	19/10/1980	Russia	+78201799382
3394378	Franz	BUREAU	M	16/12/1970	Italy	+396614106458
7049370	Lila	BARON	F	05/06/1984	Morocco	+212663021731
3355297	Samia	BRIN	F	23/12/1974	India	+910416479838
8348202	Catherine	LHERBETTE	M	22/08/1989	Australia	+615012734733
9018107	Jeannick	HAMON	M	21/02/1988	Russia	+72778873951
5978168	Chrystèle	PICHEREAU	F	25/11/1976	Morocco	+212546590316
0481746	Valérie	LANDEAU	M	28/06/1975	China	+861075795294
9533780	Lionel	BLIN	M	24/01/1975	Spain	+34713077404
0338146	Joan	BOUVET	F	12/01/1990	Tunisia	+21675810311
4198600	Elena	RABINEAU	F	02/01/1973	Argentina	+548050096665
5908251	Hafida	FLEURY	F	22/04/1990	Italy	+392197901275
9333018	Christina	LE BRAS	F	27/03/1987	Argentina	+546285303760
5505353	Marie France	TOUCHAIS	F	20/01/1979	Nigeria	+2349741189003
8905054	Janick	BODY	M	06/01/1982	Finland	+3585384024746
5111883	Morgan	DENIAU	M	07/05/1976	France	+33954365107
4558034	Jean-Michel	VERDON	M	28/12/1978	Austria	+434696750127
2143378	Renée	HOGNON	M	01/02/1983	United States of America	+18868489094
4523342	Hélène	GUEMAS	F	30/03/1975	United States of America	+16732171691
1618501	Sylvio	PICHOT	M	26/11/1983	Germany	+491822675670
9020712	Bérénice	DOIZY	F	10/12/1971	Greece	+301564530407
6177214	Jean-Patrice	BOCHE	M	23/12/1972	Netherlands	+31857886834
9094600	Marielle	BACHELOT	F	07/09/1985	Finland	+3584454267525
5875922	Pierre-Luc	FISSON	M	02/10/1989	Austria	+436856858738
3731884	Siméon	BEAUSSIER	M	13/01/1977	Canada	+15802612618
9740521	Monique	FROGER	M	21/06/1982	Australia	+613788073254
3632153	Pol	LERIDON	M	09/06/1988	United States of America	+13460566819
2307480	Marilys	NOEL	F	14/11/1970	Japan	+818663198779
7905113	Rosemarie	NOURRY	F	15/06/1980	Russia	+71890323794
6382445	Marie Andrée	PILET	F	17/08/1980	Finland	+3585210873883
1216712	Emilie	QUARTIER	F	15/01/1982	Spain	+34421230426
0278276	Lorraine	MINIER	F	04/05/1980	Italy	+394692860626
1381445	Jerôme	VANNIER	M	10/02/1985	Finland	+3580466070783
1544555	Cristina	LESAGE	F	01/06/1981	France	+33380239777
6300522	Yan	PELTIER	M	25/03/1979	Japan	+811259136046
0630750	Thibaud	OUVRARD	M	15/12/1976	France	+33132436771
7401450	Mélanie	JOSEPH	F	07/04/1984	Brazil	+550428225601
2325023	Marie José	BITEAU	F	29/03/1984	Italy	+396407189951
1313569	Mariama	BAUMIER	F	01/01/1971	Netherlands	+31972498792
6620079	Angeline	QUEMARD	F	14/01/1976	Nigeria	+2349537373292
5391860	Deborah	MENOU	F	31/05/1976	Japan	+813943487538
5942783	Jean-Pierre	LEMER	M	28/10/1985	Finland	+3588643699396
9146521	Valerie	DROUIN	F	12/09/1973	Argentina	+548095410596
4034681	Julie	GUILLEUX	F	03/07/1975	Austria	+438794527012
9998233	Pascale	GUICHETEAU	M	23/10/1977	Italy	+391921695802
5747976	Pierre Louis	FRESNAIS	M	09/11/1982	Finland	+3588974561419
0786195	Séverine	GUYADER	M	24/10/1980	Greece	+307248392867
9027037	Corrine	PERRAY	F	02/12/1980	Germany	+495324651901
8937933	Gontran	LOISON	M	08/11/1977	Belgium	+32895408443
5302193	Abdelkader	PARE	M	12/09/1978	Turkey	+901883881394
5286223	Jany	GRANDIN	F	15/10/1989	Colombia	+5717403847
0727719	Didier	BASLE	F	14/11/1976	Norway	+4709085929
1712332	Arsène	COUVREUX	M	08/08/1987	Netherlands	+31635875736
8657049	Susan	THIBERGE	F	28/01/1983	China	+865861040389
0148285	Frédérique	SOURDEAU	F	26/11/1984	Japan	+818659018732
8082907	Guilhem	BOUJU	M	07/06/1978	Tunisia	+21607454615
4439376	Aurélien	RAUTURIER	M	20/11/1972	Austria	+431141718160
9994948	Marie Antoinette	CARRE	F	13/05/1974	Japan	+818756691797
2472115	Jean-Benoit	BOUFFANDEAU	M	21/02/1973	Russia	+73973113477
6929017	Anne	BABONNEAU	M	25/02/1974	Netherlands	+31072330707
4303099	Charlène	VERDIER	F	04/04/1982	Canada	+18810473580
0567335	Grégory	LETOURNEAU	M	04/04/1987	Greece	+302989522215
0695408	Claudy	TOURET	F	21/06/1974	Lebanon	+96130347201
9674453	Jean-Simon	JOUSSET	M	06/06/1990	Iran	+983913885811
2016379	Helga	CHAILLOUX	F	06/12/1982	Russia	+78168571640
7765191	Yohann	HUBERT	M	08/01/1989	France	+33953983904
4794863	Fabien	POUPLIN	M	29/04/1983	China	+864114046703
3369980	Matthias	LOPEZ	M	10/12/1987	United Kingdom	+448007346214
9128306	Manfred	OLLIVIER	M	02/07/1990	Spain	+34400318007
2665700	Luis	BEAUFRETON	M	27/05/1990	Morocco	+212792337587
6213202	Nabil	LEMOINE	M	20/07/1974	Italy	+398982430159
8274776	Marie-Elise	BOUCARD	F	30/07/1971	Sweden	+467149217651
1693095	Jean-Christian	GALICHET	M	03/01/1987	Chile	+56539037486
6280554	Amaury	ALBERT	M	21/08/1986	United States of America	+10306525957
1004767	Olivier	MORISSET	M	22/06/1987	United States of America	+14033102300
5562168	Cynthia	ESSEUL	F	12/08/1989	Italy	+390157692563
9592270	Margareth	BUSSON	F	14/08/1972	Russia	+79830523920
0415011	Ketty	BOUCHET	F	10/11/1977	France	+33117733924
4685975	Marie-Catherine	ROYER	F	29/10/1981	Russia	+76283937917
6445353	Florence	TAVEAU	F	28/06/1972	Tunisia	+21693546398
5298905	Pierre-Michel	PAVION	M	15/01/1982	Nigeria	+2347639262227
8265633	Rodolphe	BILLOT	M	14/11/1970	Australia	+617360464925
5412292	Alex	SORIN	M	24/05/1975	Spain	+34435018950
6173709	Pierre-Etienne	GRELET	M	06/12/1986	Turkey	+906410722757
8960252	Janick	COSTE	F	14/08/1990	Austria	+436519685146
9777132	Jany	GRIFFON	F	29/03/1979	Mexico	+520791813858
0016419	Christiane	BELLARD	M	17/05/1979	Austria	+437393149798
8020133	Jean Pierre	SIONNEAU	M	07/08/1990	Nigeria	+2345411070348
6972893	Sylvère	GAULT	M	19/10/1982	India	+914604656315
5223445	Nathalie	PROD'HOMME	F	17/08/1990	Italy	+395937919554
4588876	Jeanne	GOHARD	F	28/08/1981	Sweden	+467055008200
6938514	Gyslaine	GUERY	F	10/08/1981	Greece	+302221019266
5782451	Zoubida	ABLINE	F	28/10/1979	Greece	+300488796390
7611886	Yan	VERRON	M	17/06/1986	Norway	+4740108300
9287700	Agathe	BOURGEAU	F	21/04/1990	Norway	+4728955696
0059700	Léon	PITHON	M	17/01/1988	Iran	+980377976117
2666516	Sylvia	BRESSON	F	10/09/1981	Lebanon	+96175170458
5772905	Germinal	AUDOIN	M	09/07/1990	Nigeria	+2342901260339
1912329	Maurice	LABBE	M	10/06/1984	Nigeria	+2346051211152
3669060	Monette	GUERET	F	31/05/1972	Greece	+303640838819
8262592	Marie Line	PREZELIN	F	09/08/1981	Argentina	+542400992949
9334224	Marie-Thérèse	LE CORRE	M	18/12/1986	Norway	+4725877877
2193881	Joel	COUSIN	M	22/12/1983	Mexico	+524923574357
6395863	Elian	BAUDOIN	M	04/10/1974	Australia	+615623088225
3260916	Stanislas	VIEAU	M	13/11/1976	Austria	+436968623209
8581257	Yves-Marie	FRONTEAU	M	29/06/1985	Tunisia	+21643594351
9408691	Marie-Lyne	RENAUD	F	16/12/1970	Morocco	+212286957092
7282871	Ericka	DOUILLARD	F	04/10/1975	Morocco	+212529153954
5972535	Evelyne	CLAVREUIL	F	12/06/1986	Morocco	+212743889516
9581261	Jérôme	ORHON	M	29/07/1976	Germany	+496646791266
3456882	Candice	COURAULT	F	02/04/1990	Chile	+56201420617
3931130	Hilda	MAUPOINT	F	25/09/1981	Sweden	+467699836963
8910434	Emilie	LEROYER	M	29/10/1984	France	+33437492632
3316970	Hildegarde	RUELLE	F	17/11/1989	United States of America	+18677667537
7520304	Luce	ALLAUME	F	11/04/1988	Brazil	+559127712268
2013309	Yvelise	BOURREAU	F	19/04/1980	Chile	+56046299846
5313678	Yolène	SIGOGNE	F	07/08/1982	Colombia	+5793437101
4083216	Marie-Brigitte	DUBOIS	F	25/08/1989	Brazil	+554460334378
9040884	Francisca	CLAVREUIL	F	09/03/1990	Russia	+72882205288
3350945	Zineb	SOURISSE	F	17/11/1985	Austria	+439751891965
5280201	Sylvère	BERTHONNEAU	M	07/09/1990	Morocco	+212414577531
8691703	Raphaelle	PAYE	F	12/01/1986	Sweden	+469735381793
2585329	Félicia	NAUD	F	19/08/1977	United States of America	+15164671727
5235503	Johann	CHARLOT	M	25/06/1977	Turkey	+908935830420
1242468	Murielle	NEVEU	F	28/08/1985	Italy	+399691088306
7414340	Louis-Pierre	BITEAU	M	12/06/1973	Sweden	+469991695235
4971759	Pierre-Marc	EVAIN	M	20/02/1980	Colombia	+5766442919
2847022	Moise	BOURGEAU	M	29/04/1981	Brazil	+552221492921
1225692	Mustafa	MAUXION	M	18/01/1990	France	+33603798615
1721116	Marie	BRIAND	F	27/09/1973	Switzerland	+411234970814
9876536	Nicole	TROUVE	F	19/02/1984	Finland	+3583528613716
6938361	Claudy	FRADIN	M	05/02/1983	Tunisia	+21665076629
7712201	Salim	BRANGER	M	05/10/1975	Iran	+986315495196
6601705	Régine	JARRY	F	26/08/1978	Nigeria	+2349763171923
7148491	Nina	BAHUAUD	F	13/05/1983	Austria	+436623925413
7901367	Samia	BOISNAULT	F	05/02/1976	Brazil	+553258874821
0259043	Marie-Aude	CHALOPIN	F	28/09/1985	Netherlands	+31807917008
9976690	Gilberte	MARET	F	17/10/1982	Colombia	+5716773698
7679438	Philppe	PROVOST	M	05/06/1979	United Kingdom	+449019847724
7834552	Angéline	DELAUNE	F	05/08/1980	Germany	+493995475387
9266529	Huguette	BRILLANT	F	11/11/1988	India	+918638821268
4260774	Léonce	TUFFREAU	M	19/06/1983	China	+865050004983
2548788	Silvia	BARDIN	F	07/07/1981	Lebanon	+96107372923
7272360	Angelina	DEMION	F	25/08/1970	Argentina	+546206896689
3252823	Marylène	VIGAN	F	30/11/1987	Colombia	+5705341276
0548409	Nora	SOUCHET	F	07/12/1984	United Kingdom	+443936643020
0580968	Flavien	GRASSET	M	06/09/1989	Turkey	+903604736763
2361080	Djamel	BOLTEAU	M	16/09/1985	Australia	+619454462633
2277602	Amel	GAREAU	F	22/03/1971	Colombia	+5787405305
0973860	Renate	COCHET	F	14/11/1987	Italy	+393448515277
0231588	Cecile	PERDREAU	F	15/11/1974	Norway	+4798292050
8898325	Joachim	JANNIN	M	29/07/1987	China	+864454103199
0159524	Hervé	LEMERCIER	M	02/01/1982	France	+33665116761
7601124	Joëlle	LEVEQUE	M	26/01/1990	Greece	+306949415464
5430664	Lino	HURTAUD	M	16/08/1986	Tunisia	+21654686593
7331630	Anaïs	LORENDEAU	F	02/08/1976	Morocco	+212932828908
5064870	Raymond	PRIOU	M	02/05/1974	Tunisia	+21662064390
0764400	Marie Anne	HOUDAYER	F	24/01/1980	Lebanon	+96108982765
5680640	Flavie	LEBLOIS	F	18/09/1977	Italy	+390773283526
6746554	Chris	BOUDEAU	M	08/12/1973	Russia	+78768409017
9530369	Corrine	MARQUIS	F	09/02/1972	Russia	+75649487953
6953997	Isaac	CHOTARD	M	31/08/1970	United Kingdom	+442593473390
0786819	Dolorès	GAUFRETEAU	F	27/07/1971	Finland	+3580382272859
0012801	Marie Annick	VIEMONT	F	15/07/1989	Germany	+492041525792
8777414	Dorothee	DURAND	F	03/08/1974	Russia	+75634815239
9601723	Marie-Paule	SOUCHET	M	06/06/1990	India	+916227428654
0302151	Jean-Mary	ROUGER	M	31/10/1976	Netherlands	+31405667807
1545314	Hélèna	ROUSSEL	F	20/03/1974	Australia	+616161860083
4018394	Daniel	HUBAULT	M	18/12/1975	Norway	+4782185844
8039185	Herve	CHOTARD	M	12/08/1980	India	+914513789072
8780073	Farida	MAHOT	F	19/08/1986	Russia	+78340831041
4582635	Marie-Aude	COUET	F	27/11/1981	Japan	+813447035168
6088495	Ali	CHARBONNEAU	M	02/01/1975	Switzerland	+417575990046
8116467	Maryse	ALLARD	M	13/11/1972	Canada	+17843288763
0939141	Eléonore	RABAULT	F	06/03/1984	Spain	+34852292529
5002937	Evelyne	MATHIEU	M	02/05/1971	Greece	+301260199053
8121560	Solange	MAROT	F	25/03/1985	Sweden	+462242914046
2118467	Marie-Louise	ARNAUD	F	26/11/1970	Austria	+433206911170
8326176	Murièle	BELNOU	F	15/07/1976	Spain	+34806165497
9202813	Charlotte	JOUY	F	24/10/1979	France	+33267872025
5427523	Mickaëlle	BEAUFILS	F	13/11/1980	Norway	+4718328174
2155240	Sofiane	DAUDIN	M	22/05/1988	Netherlands	+31079995630
7625464	Marie Laurence	CHOLEAU	F	20/10/1973	Iran	+982312203306
6389317	Denis	GRELIER	F	18/04/1972	Switzerland	+419063376925
6512709	Horace	SOURICE	M	23/07/1984	Greece	+301302066814
1971247	Siméon	CHOTARD	M	14/06/1980	Austria	+430390139859
9405648	Jean-François	LECHAT	M	24/05/1979	Belgium	+32454469709
0501972	Roberto	BAHUAUD	M	27/12/1973	United Kingdom	+448226419524
1217523	Ludwig	PHILIPPE	M	07/08/1984	Tunisia	+21633583453
2289119	Marie-Christiane	JOUIN	F	06/01/1980	Tunisia	+21625015375
2955810	Jeannine	LELAURE	F	28/06/1984	Greece	+308012046960
1295322	Marie-Jose	USUREAU	F	16/03/1986	Greece	+302933061630
6862285	Hans	SAMSON	M	31/08/1989	Greece	+309171122646
9807307	Nadége	LEGRAS	F	18/11/1984	China	+864856727417
8181787	Jean-David	ROUET	M	12/10/1990	Argentina	+541748610096
1897567	Magali	VENDE	F	09/07/1977	United States of America	+11427347734
8625949	Jean-Denis	PINARD	M	03/06/1988	France	+33905414751
3974775	Jérome	GOBIN	M	31/07/1976	Canada	+15458770696
8641284	John	LIVACHE	M	04/01/1987	France	+33270531035
2192933	Mariame	JARDIN	F	28/07/1981	Colombia	+5793749451
1175412	Thérèse-Marie	DEZE	F	23/09/1974	Lebanon	+96112427068
8923549	Any	COSSARD	F	28/09/1971	Belgium	+32957728659
9878095	Marie-Pascale	POIROUX	F	05/04/1976	United States of America	+14162474917
4134406	Sheila	MICHENEAU	F	14/10/1974	Nigeria	+2344383524048
3457680	Silvia	DELACROIX	F	27/11/1987	Mexico	+522458004652
0546971	Pierre-Yves	MARCEAU	M	26/04/1981	Belgium	+32387195392
8893318	Honoré	NAIL	M	28/02/1985	Turkey	+904095079974
2745249	Jerôme	LETORT	M	03/07/1977	Finland	+3589123791112
8096547	Humbert	HOBE	M	18/08/1972	Turkey	+904133112866
3447674	Myriam	RENAULT	F	31/12/1974	Norway	+4766902901
2801662	Jean-Hubert	GUITTON	M	07/09/1972	Brazil	+559496271525
8759916	Conchita	HOUDU	F	01/07/1990	Turkey	+902744671850
9142909	Claude	BRIERE	M	04/08/1988	Canada	+17514810770
8054873	Daniela	CORBET	F	25/04/1974	Colombia	+5709245158
1667122	Marie Thérèse	UZUREAU	F	27/09/1976	Italy	+393030032696
4727669	Jacky	DUBAS	M	06/11/1986	Austria	+436971029199
9095238	Marie-Eve	MENET	F	01/03/1974	United Kingdom	+449256989315
3785200	Aldo	HOREAU	M	05/09/1988	Netherlands	+31716753940
8767465	Jean Charles	COLLIN	M	10/05/1987	Mexico	+521113050175
7204999	Syndie	ROBICHON	F	15/02/1971	Argentina	+546124605377
5624336	Christiane	JOUIS	F	14/01/1970	China	+868956014950
7695771	Tatiana	BERTHAUD	F	19/12/1985	Norway	+4734320951
0044330	Marie Hélène	RIPOCHE	F	13/10/1988	United States of America	+18280926116
8569057	Achille	COUDRIN	M	15/06/1982	Belgium	+32311475056
1389416	Pierrick	CHASSERIAU	M	06/02/1989	Colombia	+5768927870
5504241	Jean-Max	JEANNETEAU	M	24/08/1977	Colombia	+5734193600
2210907	Josse	MENANTEAU	M	16/12/1974	China	+866213752509
9751105	Aïssa	CHARBONNEAU	M	23/11/1986	Brazil	+552955286389
8901403	Allain	LEDROIT	M	06/09/1990	United States of America	+10959647718
1469098	Luis	COCHET	M	10/02/1979	Germany	+490572198612
2617518	Adélaïde	PHILIPPEAU	F	04/02/1975	Tunisia	+21683810067
9733904	Nordine	BAHUAUD	M	27/11/1987	Lebanon	+96198986400
1813890	Jean-Joël	RONDEAU	M	05/10/1981	Australia	+610141225538
5233401	Pierrot	HUBERT	M	09/10/1978	Colombia	+5759765332
7433186	Lyliane	GOISNARD	F	06/05/1971	Turkey	+905334298577
9336028	Souad	BERITAULT	F	06/05/1980	United Kingdom	+449974606331
4906105	Marie-Pascale	GOUBAUD	F	11/05/1981	Morocco	+212735767718
9031933	Maïté	MAROT	F	30/09/1983	Nigeria	+2348709534593
6746183	Abdel	PLISSON	M	15/04/1975	Germany	+498259297335
1013129	Pierre-François	GARCIA	M	14/11/1982	Germany	+492257905183
2218570	Jeannick	COUBARD	F	30/07/1978	Sweden	+461540697534
5369013	Olivier	DABIN	M	03/02/1985	Japan	+814030502263
9435457	Albane	TROUILLEAU	F	06/04/1986	Nigeria	+2340699913089
2636028	Didier	BEAUMONT	M	27/06/1988	Iran	+989249340219
6677700	Salvatore	BINEAU	M	12/03/1971	Finland	+3588320210856
8395309	Camille	LEAU	F	11/11/1974	Iran	+986779978915
8013807	Sandra	DESHAIES	M	22/07/1988	Germany	+498448295970
4342268	Nathalie	MORILLON	F	26/03/1970	China	+866966459243
7248576	Pierre François	DUBOIS	M	24/04/1988	Canada	+14672191584
2185725	Ignace	SUBILEAU	M	13/03/1979	France	+33932579483
7012844	Humbert	LARDEUX	M	05/10/1972	Sweden	+469244005423
4470463	Wilfrid	DOUBLET	M	22/06/1980	Lebanon	+96104073733
7730253	Martha	SORIN	F	27/05/1980	United Kingdom	+441961959290
3642017	Marie-Bernadette	BRECHETEAU	F	11/06/1985	Germany	+492014030716
7575381	César	BAHUAUD	M	30/03/1982	Iran	+980158058601
9615352	Lino	BODIER	M	12/04/1990	France	+33932973210
6910558	Rosiane	ROTUREAU	F	18/05/1987	Brazil	+559049932018
1897140	Anna	BOIGNE	F	25/06/1976	Lebanon	+96181104162
4066894	Christophe	HAVARD	M	09/09/1987	Brazil	+551767365336
1597315	Ludovic	CHALLET	M	03/05/1985	Iran	+989655324630
9114223	Peio	BOURGEOIS	M	31/05/1980	Canada	+15200524502
7504094	Emeric	CHAPEAU	M	20/08/1984	Chile	+56084413919
5761896	Adeline	BRANGEON	F	15/02/1972	Russia	+78401690973
4930736	Géry	BEAUJEON	M	28/12/1984	United States of America	+15306087297
4437741	Jeremie	DENEUX	M	08/11/1973	Argentina	+541453103308
4634970	Marie-Laurence	DUFRESNE	F	22/06/1985	Tunisia	+21691337204
2287491	Maurice	LELIEVRE	M	22/10/1988	Canada	+19235451496
1287949	Emilia	PERROT	F	12/06/1978	United Kingdom	+447287385001
6656079	Suzel	DIDIER	F	13/03/1986	Nigeria	+2345889551762
8887462	Jacqueline	CORBET	F	26/08/1977	Finland	+3586410113043
4116025	Claire	HUMEAU	M	23/02/1976	Russia	+77934147470
1377767	Gloria	COTTEREAU	F	16/02/1975	Belgium	+32952176195
7501830	Marie-Jose	DUBUISSON	F	08/11/1983	United States of America	+12805781059
5899512	Lynda	TOUCHARD	F	01/06/1977	Iran	+987562401572
5861494	Enzo	MORISSEAU	M	12/09/1971	France	+33137293489
8256160	Jacki	BESNARD	M	06/05/1974	Lebanon	+96161025049
3303254	Herve	GRUAU	M	02/06/1982	Sweden	+465939963466
2362597	Jean	ROHARD	M	29/01/1990	Brazil	+552968034274
7934413	Werner	JUBERT	M	19/07/1977	Finland	+3580935674663
6027064	Marie-Josiane	CHAUVIN	F	23/06/1975	Spain	+34344871476
8956572	Amalia	ADAM	F	16/05/1977	Russia	+76552143744
6675834	Marie-Agnès	PAYNEAU	F	04/02/1975	Italy	+393846871944
8936756	Suzy	JAGUELIN	F	21/02/1972	Russia	+73645951713
4244238	Ulrich	FOURNIER	M	23/11/1979	Germany	+496284634477
3963321	Betty	LIZEE	F	29/12/1976	Brazil	+554277860657
6103598	Joannès	MABILEAU	M	10/07/1975	Morocco	+212385896316
2449690	Emmanuel	BOURGERIE	M	04/02/1970	Brazil	+553950452151
2060776	Laura	MOSSET	F	12/05/1971	Netherlands	+31836192856
5121807	Marie-Rose	PINON	F	09/03/1987	Sweden	+463753963081
5080758	Stéphane	LATTE	M	17/12/1989	Switzerland	+413172869014
5772436	Irene	PASQUEREAU	F	01/06/1975	Greece	+303852920935
3878791	Jean-Noêl	GUERIN	M	06/09/1980	Spain	+34760707325
8454411	Fabrice	PRAIZELIN	M	23/05/1973	Germany	+497405907644
9813866	Regine	TERRIER	F	24/09/1988	Colombia	+5701305395
8544340	Myriam	CIMIER	M	11/06/1971	Netherlands	+31285211560
2492816	Martine	BOTTEREAU	F	22/06/1989	Turkey	+908970635275
1653959	Christian	TERRIER	F	10/01/1985	Belgium	+32010882250
4513662	Joanna	PERDREAU	F	22/05/1971	Finland	+3588839780471
1841012	Noel	DION	M	11/03/1983	Morocco	+212670834114
4443958	Marie-Dominique	BEDUNEAU	F	23/05/1982	Chile	+56646405316
9806014	Mariannick	CORNUAULT	F	18/10/1987	France	+33665793767
2372901	Marie-Colette	BERTHO	F	10/05/1987	Colombia	+5735791013
2145771	Therese	AUDUSSEAU	F	05/12/1974	Russia	+78339304258
8068123	Maria	LIBAULT	F	05/05/1975	Sweden	+461578949821
4082529	Carine	VRAIN	F	17/11/1980	Germany	+493138808894
7598139	Guénaël	ROBINEAU	M	27/05/1976	Finland	+3583099575323
8662085	Ghislain	GAUFRETEAU	M	10/06/1990	Tunisia	+21626990567
8409862	Michelle	POIREAU	M	06/10/1984	Germany	+491691670125
3286470	Guilhem	BRANCHEREAU	M	17/02/1976	Greece	+304503279778
2734875	Jean Charles	DABIN	M	24/07/1979	Australia	+611304302202
1787835	Elio	GUAIS	M	22/12/1974	Argentina	+542690706943
1256896	Ariane	MAUCOURT	F	13/06/1989	Germany	+497529650426
2127477	Jacky	MAUGEAIS	F	11/02/1970	Japan	+815911459689
8262348	Henriette	TRANCHANT	F	18/10/1977	United States of America	+13728229927
5346479	Sidonie	DELETRE	F	31/08/1979	Iran	+984476771309
8545090	Victoire	MOUTAULT	F	21/02/1974	Brazil	+551850129481
7651430	Louisette	GAUTHIER	F	25/01/1978	Austria	+431225468129
3861613	Jéröme	HUCHET	M	05/07/1978	Japan	+815901913232
3925716	Jacques	ALIGON	M	28/08/1985	Switzerland	+416662151892
3153786	Guy-Michel	BOSSE	M	09/07/1976	Finland	+3587743976948
5151624	Thérèse	GROLLEAU	F	08/10/1983	Sweden	+466793523777
0920520	Didier	FIEVRE	M	02/10/1983	Morocco	+212613507356
3144006	Charlette	TRAINEAU	F	05/07/1978	Greece	+302230214501
8704675	Reynald	COUBARD	M	10/03/1981	Italy	+393347871477
1704634	Christele	COUTARD	F	05/04/1982	Chile	+56484459892
6249515	P.Yves	DUTERTRE	M	27/02/1982	Switzerland	+413421332264
3903604	Ursula	SAULNIER	F	15/06/1977	Iran	+985717419702
1930046	Jean-Léon	BEAUJEON	M	16/10/1988	United States of America	+13777918989
4708490	Marie-Jose	CADY	F	14/08/1970	Spain	+34549268749
4525836	Lise-Marie	GODIVEAU	F	07/09/1989	Tunisia	+21663085510
1580427	Sylvio	PIERRE	M	14/07/1990	Nigeria	+2343185374613
1919097	Amel	GRELET	F	01/03/1973	Mexico	+524018443740
2911710	Marie-Aline	DILE	F	17/12/1988	Spain	+34652507126
0073552	Vinciane	ARNOU	F	16/03/1981	Austria	+439066955202
1576033	Assia	ROUILLER	F	18/08/1983	France	+33158871381
9559811	Jamal	SICOT	M	07/07/1984	Turkey	+907047895377
3666933	Josyane	LESPAGNOL	F	27/02/1982	Lebanon	+96131326592
2235746	Charles-Antoine	DUPIN	M	02/03/1977	Germany	+492516960409
4083461	Guilhem	THIBAULT	M	28/04/1989	China	+860272059835
5060643	Jacqueline	ESSEUL	M	04/02/1980	Norway	+4725956915
8652486	Marie-Annick	DOUBLET	F	11/07/1983	Sweden	+462417384815
1236330	Inès	RITOUET	F	30/07/1978	Austria	+430054264463
7836903	Gislaine	PELTIER	F	18/12/1990	Switzerland	+417128035681
4933118	Toussaint	DUREAU	M	03/12/1986	France	+33705647937
3903324	Brahim	ARNOUX	M	10/05/1976	Lebanon	+96141965126
3146086	Marie Jose	JAN	F	12/06/1972	China	+868010484888
0908807	Joselyne	POUPELIN	F	04/01/1971	Brazil	+553474179897
1194377	Marie-Ange	FALIGANT	F	21/02/1989	Tunisia	+21644247021
9151259	Luciano	GENET	M	31/07/1974	Switzerland	+415356428678
4525058	Ariane	DUPUY	F	07/08/1975	Lebanon	+96162030161
1004280	Marie-Estelle	DEMION	F	13/05/1982	Iran	+986827752027
8421692	Lauriane	LE CAM	F	23/03/1975	United Kingdom	+441913425858
3251918	Cynthia	PLOT	F	22/12/1983	Chile	+56497296640
1764440	Muriel	COUDRAY	F	11/08/1971	Finland	+3587077176122
7210043	Pol	PICARD	M	12/07/1988	Russia	+73977854255
3530557	William	LE MOAL	M	29/03/1990	Greece	+305126644582
0643837	Marie-Joelle	CORBIN	F	29/07/1983	Chile	+56061503428
2226118	Mariane	LEBOEUF	F	17/08/1974	Sweden	+466738792129
1494218	Aurélien	DELAGE	M	26/05/1976	Turkey	+905495515895
5501068	René-Claude	BEZIAU	M	05/12/1975	Morocco	+212343342797
9655404	Bruna	SACHOT	F	18/02/1989	Greece	+308198267148
4804712	Vivian	BIGNON	M	05/11/1988	France	+33028108777
1976771	Charles-Antoine	BIDAULT	M	18/06/1975	China	+865081319853
6817834	Maryannick	MUSSET	F	14/11/1971	United States of America	+16315936537
9170595	Jeannie	POIRRIER	F	04/04/1988	Russia	+78283569394
9924926	Gautier	LETORT	M	27/01/1982	Chile	+56483286179
0875812	Celia	RORTEAU	F	03/07/1976	Lebanon	+96154218783
1936134	Marie-Josette	PINET	F	24/07/1987	Netherlands	+31320147038
0425617	Aurore	RAULT	F	19/12/1982	Turkey	+903703840056
6211913	Naïma	LETOURNEAU	F	02/06/1976	United Kingdom	+444753859459
3079960	Raphaelle	BIBARD	F	27/11/1973	United States of America	+19379472950
2538069	Mauricette	BERSON	F	19/04/1980	Tunisia	+21613584776
2719906	Angelique	POTIER	F	06/04/1974	France	+33930279696
9954760	Angélique	HOREAU	F	28/08/1987	India	+911073640588
0809928	Harry	ROUSSELOT	M	17/07/1982	Mexico	+523980407135
8431696	Ian	GROYER	M	16/10/1985	Netherlands	+31130046276
3294893	Séverin	BUROT	M	13/08/1982	India	+917442154008
3180630	Eddy	CADOT	M	30/12/1975	Austria	+434951296458
2740352	Nadege	LECOQ	F	12/09/1989	Morocco	+212649547617
6052447	Donatien	GUINAUDEAU	M	13/08/1974	Greece	+307300490920
2472149	Fredy	CAILLET	M	07/11/1988	Finland	+3588872823760
2500025	Jean-Didier	HERSANT	M	25/01/1970	Greece	+306813856054
9428239	Bruna	CHEVET	F	13/06/1975	Morocco	+212120036547
4258503	Ghislaine	SAUVETRE	F	20/03/1983	Belgium	+32528360836
6792798	Cathia	COGNE	F	19/07/1986	Mexico	+526768557397
5655068	Marie-Bernard	DESPORTES	F	27/02/1979	Switzerland	+411989988071
7848734	François	BELLARD	M	13/05/1987	Tunisia	+21691212698
8146525	Jean-Damien	RUAULT	M	03/04/1982	Tunisia	+21690635565
8084623	Claudy	POTIER	F	07/06/1988	Iran	+982365582613
4860682	Estelle	DELANOUE	M	20/06/1971	Brazil	+550617376609
4004890	Marie Joseph	BAUDRY	F	13/12/1989	Spain	+34149046356
0945627	Louis-Michel	BARBARIT	M	17/11/1990	Brazil	+559328030304
6528604	Charles	GUILLOTEAU	M	26/08/1990	Brazil	+552603744991
7267685	Lorette	MOUCHET	F	27/02/1988	France	+33413548218
9354677	Laëticia	FOULON	F	28/04/1984	Nigeria	+2341605256695
4599869	Véronique	BELLIARD	F	07/02/1982	Spain	+34167767035
7764750	Marie-Joëlle	GENNETAY	F	09/10/1971	Switzerland	+415786068685
4363053	Josyane	DEROUIN	F	16/05/1976	Italy	+395096518974
2787045	Anne-Rose	BEUGNET	F	04/10/1989	Austria	+431878274269
6768896	Ambroise	SAULOUP	M	26/05/1980	Argentina	+547170334945
9353058	Marie Laure	BOCHEREAU	F	29/01/1977	Canada	+14998140340
9662961	Hocine	COUTANT	M	16/02/1979	Netherlands	+31735387339
7758512	Sigrid	LEVRON	F	01/06/1983	Germany	+491921424808
5113718	Elvira	GENDRON	F	25/11/1985	India	+914606086508
9314345	Arielle	ABELARD	F	02/10/1972	Nigeria	+2348287736528
9567835	Aleth	SOUCHET	F	15/11/1980	Switzerland	+410850365221
8974198	Gwenola	BOUJU	F	26/12/1987	Australia	+612283129165
8822825	Marie-France	RAGUENEAU	F	11/07/1988	Austria	+437521817375
6144584	Stéphane	SOYER	M	31/05/1981	Russia	+74530785607
3163194	Pierre-Yves	MARTEAU	M	24/01/1971	India	+911320566002
8672018	Marie-Odile	LETORT	F	03/12/1980	Canada	+16726389113
0428818	Rosemarie	GROSBOIS	F	05/03/1979	Russia	+77200485446
3191029	Laurent	BEAUMARD	M	11/02/1975	Switzerland	+412949426306
9389285	Youssef	PANNEAU	M	11/06/1980	Austria	+439659758010
2126373	Georgette	LEROYER	M	04/04/1982	Japan	+813189399616
7648204	Kathy	RAUTURIER	F	08/10/1983	Greece	+309846335999
9851465	Samia	DELAUNAY	F	16/09/1970	Spain	+34727411791
4029837	Daniel	HUET	M	15/09/1985	Canada	+17625917056
8596778	Eloïse	GAUCHER	F	03/07/1971	Iran	+985454094332
4393012	Maïté	GUEDON	F	20/12/1982	Argentina	+540453273117
2097820	Alan	BARBAULT	M	25/11/1974	Netherlands	+31335825773
0956325	Sylvain	HULIN	M	10/11/1970	Canada	+11232508663
7929573	Adeline	BOULISSIERE	F	05/02/1981	Lebanon	+96128870060
8147159	Marcel	PIGNON	M	12/07/1975	Brazil	+559014052031
0905925	Monique	GUY	F	28/09/1988	Iran	+981022503792
8400796	Germaine	PLESSIS	F	01/10/1988	Turkey	+903391781213
8550493	Virginie	CHANTEAU	F	19/08/1983	Argentina	+543201586875
8676407	Jean-Gabriel	HARDY	M	13/08/1978	France	+33350203646
9301949	Rose	JADAUD	F	10/11/1985	United States of America	+15792378332
9756120	Mouhamadi	RELION	M	17/01/1985	Turkey	+902244819501
0760905	Brigitte	FRUCHET	M	27/04/1987	Tunisia	+21627985282
3729533	Marie Angèle	LICOIS	F	03/02/1987	Finland	+3585758036264
6966079	Jean-Hubert	GARNIER	M	28/12/1977	Switzerland	+412650319511
0039098	Bernardette	PIOU	F	22/05/1977	Colombia	+5754979937
7855206	Natalie	ALLORY	F	15/06/1990	Italy	+397641614727
4553394	Augustin	ROLLAND	M	25/06/1985	Finland	+3581653212198
7804138	Alix	LESAGE	M	24/02/1983	Austria	+432929865137
5896297	Mirella	MAUXION	F	15/11/1975	Colombia	+5720356369
0217620	Hakima	PASQUIER	F	17/11/1975	Canada	+18823922612
8944626	Lydie	VERRON	F	05/10/1976	Switzerland	+411899010677
2782378	Francesco	LESOURD	M	19/08/1979	Mexico	+526099914847
0092645	Denise	COGNEE	F	20/02/1989	Austria	+433624022947
7301283	Igor	DILE	M	28/09/1978	Japan	+811603985046
0147930	Fatna	LACROIX	F	08/01/1985	Canada	+12072170899
8815402	Stéfan	DUFRESNE	M	27/05/1971	Norway	+4790236065
5331875	Cédric	HAUDEBAULT	M	06/12/1978	Turkey	+900586249545
9675748	Violette	MARIONNEAU	F	15/12/1984	Mexico	+528306660830
9756081	Gilles	MARIE	M	12/06/1980	Morocco	+212750856761
2198088	Francisco	HOMER	M	27/01/1971	France	+33940136367
6058004	Emilia	AUVINET	F	13/03/1972	Italy	+395148817066
6404809	Rodrigue	FRANCOIS	M	10/03/1976	Italy	+394126459495
9405310	Marie-Rose	CLOCHARD	F	23/06/1971	Netherlands	+31527725736
5100748	Jacky	PUAUD	M	06/11/1983	Belgium	+32498657639
7663021	Joan	CORMERAIS	F	02/04/1976	Sweden	+465541386969
7086849	Jean-Joël	PINEAU	M	04/09/1970	United States of America	+15584743321
3416708	Jean-Joël	ABLINE	M	03/08/1978	Tunisia	+21601341210
9301289	Samir	MATHIEU	M	30/12/1988	Turkey	+901762759437
3590043	Christophe	DELETANG	M	11/12/1970	India	+917489200489
9946335	Cyril	TIJOU	F	01/12/1984	Mexico	+520591078899
7197520	Robert	DESCHAMPS	M	02/09/1986	Argentina	+547159118869
7833581	Annette	COLONNIER	F	13/12/1970	Iran	+984695956781
7775109	Joachim	COUILLEAU	M	29/03/1978	Germany	+499553827971
1694342	Ralph	JUSTEAU	M	01/04/1975	Nigeria	+2348275687030
4217524	Sylvio	JAMET	M	16/07/1981	Finland	+3581722425624
2126427	Daniel	CAILLARD	F	07/09/1970	Finland	+3583827882143
9573380	Arnault	LEMOINE	M	15/06/1987	Spain	+34092891640
0513195	Nabil	MENOU	M	14/09/1981	Norway	+4709157199
6912944	Mina	CAMUS	F	24/01/1985	Norway	+4794177880
8625502	Jean-Eric	BILLARD	M	28/09/1975	Tunisia	+21617110557
9661764	Marie Jeanne	VAIDIE	F	15/02/1976	Morocco	+212489223787
6487451	Rose Marie	RAYMOND	F	13/10/1988	Russia	+75693793126
6114660	Edwige	PRODHOMME	F	17/09/1974	Iran	+983940593821
7722025	Tania	DOLBOIS	F	09/03/1988	Brazil	+559550835375
4801743	Manuela	HUGUET	F	17/01/1985	Netherlands	+31803654538
6910818	Jean-Martin	BREHERET	M	15/10/1972	Greece	+304479849076
9552760	Hugo	MACAULT	M	28/06/1979	Russia	+74588555720
9973127	Pierre-Marc	LEBOUC	M	31/08/1984	Spain	+34881097413
5695927	Charles	VERDIER	M	18/07/1978	Netherlands	+31537264209
6171758	Paméla	BOULEAU	F	22/05/1973	Mexico	+529032808812
6752013	Fatiha	PREAULT	F	09/03/1978	Russia	+73734489133
4330352	Marie-Lyse	MESLET	F	21/11/1970	Norway	+4707152263
0161783	Frederic	DUTOUR	M	26/02/1989	Switzerland	+416639058740
0842031	Luigi	AUDEBERT	M	06/09/1987	Italy	+395754632878
7666340	Mouhamadi	BRUNELLIERE	M	08/10/1973	India	+911959440958
1019713	Célestin	COULON	M	20/03/1986	Austria	+437274728883
2798496	Eugénie	SAGET	F	12/12/1989	Lebanon	+96100714126
7283528	Anaïs	GUILLEMET	F	17/01/1981	Mexico	+529466004637
1916201	Marie-Christine	RIBAULT	F	15/01/1985	Finland	+3584538237249
3001523	Marie-Astrid	PITAULT	F	03/10/1989	Austria	+437609224873
7377267	Pierrette	GILBERT	F	29/11/1972	Tunisia	+21625644018
4821395	Héléne	LECHAT	F	20/02/1979	Switzerland	+418198787649
9072781	Janny	ROLANDEAU	F	08/07/1970	Germany	+493726214000
8841304	Francette	FOREST	F	24/02/1982	Nigeria	+2340927735101
6560808	Jocelyne	GUICHET	F	15/04/1975	Iran	+987303390268
7277779	Donatienne	TISSEAU	F	02/02/1987	Norway	+4703598412
8991054	Jean-François	CHIMIER	M	08/01/1977	United States of America	+19098793448
9404304	Alberto	BAUGE	M	11/05/1984	China	+869635286379
8615744	Astrid	LEBLANC	F	12/05/1983	Brazil	+559364504344
8575065	Adrienne	CHOISNE	F	11/05/1975	Netherlands	+31821739402
4300606	Charlotte	CHIGNARD	F	09/01/1987	Italy	+393545424927
8830911	Josephine	GATE	F	23/08/1988	Chile	+56515660554
8699698	Désiré	FOUILLET	M	29/06/1974	Lebanon	+96134827670
1959035	Séverin	LEGER	M	21/08/1971	Austria	+434775090830
3422816	Mehdi	LEMERCIER	M	17/09/1990	Netherlands	+31803838015
1869534	Jean Yves	DILE	M	14/12/1984	Sweden	+467129649241
8481513	Mohamadi	CAILLEAU	M	01/07/1970	Turkey	+903202648634
2845122	Alfred	HUCHON	M	07/10/1987	Argentina	+548096449321
1928014	Claire	BLOURDIER	M	17/04/1984	Norway	+4755034818
4243468	Ollivier	NAUD	M	24/07/1990	France	+33080466054
9048545	Léonce	CHEMINEAU	F	19/03/1975	Japan	+813355212978
2159224	Lily	ANDORIN	F	20/10/1975	Belgium	+32825540939
7036147	Paul-François	TOUZEAU	M	08/10/1979	United Kingdom	+449450528449
6705918	Phillippe	BODEREAU	M	20/07/1986	Spain	+34836313517
3076710	Marie Françoise	BOTTEREAU	F	17/04/1982	Finland	+3588035230722
2650389	Lino	GABORIEAU	M	21/07/1982	Australia	+614912217485
6063901	Ludwig	LANDRY	M	24/03/1974	Netherlands	+31149676520
5472506	Malou	COEFFARD	F	12/02/1979	India	+910773751694
8923428	Yannik	JUIN	M	13/10/1987	Austria	+435055318517
2201328	Enrique	RUAU	M	03/06/1973	Australia	+613303908486
3107400	Jerome	LETORT	M	01/12/1990	Lebanon	+96182521655
8858967	Odette	ETIENNE	F	13/04/1989	Austria	+438016406100
4660976	Marie-Béatrice	TROUVE	F	30/08/1971	Mexico	+527814397807
6194223	Marie-Christine	HUARD	F	11/07/1989	Italy	+396842855449
3191399	Jean-Benoit	JEANNIN	M	13/09/1982	Switzerland	+412591346971
6495936	Claudine	PAVION	F	23/01/1978	Sweden	+462265643083
3357492	Any	BOURGEAIS	F	17/11/1979	Iran	+984711747273
7021205	Dany	CORNILLEAU	F	02/06/1971	Argentina	+544830676813
1967218	Marie-Carmen	POUPELIN	F	02/09/1984	Greece	+305160503875
1206158	Jeremie	LEFRANC	M	15/11/1984	Sweden	+467100373125
6393476	Peio	BAILLY	M	11/06/1973	Tunisia	+21695028256
5136288	Cyrille	BRILLANT	F	17/01/1970	Spain	+34015722188
8969213	Rosalie	ROBIN	F	03/02/1983	Greece	+301273067423
7135718	Suzy	MERCERON	F	06/01/1988	Iran	+980283504265
6665098	Annonciade	SIONNEAU	F	07/12/1987	Brazil	+558183221355
1073762	Yves-Marie	LEFEBVRE	M	07/08/1978	Finland	+3586759601992
1012279	Josselyne	ROTUREAU	F	10/05/1970	United States of America	+18671231822
4539452	Casimir	NOEL	M	26/11/1971	Greece	+301087422213
8765261	Léon	LEFORT	M	05/03/1987	Tunisia	+21625500198
7699461	Arnaud	BAZIN	M	31/03/1980	Finland	+3582464537262
7268303	Jacquy	BELANGER	M	31/07/1980	India	+915675978375
6763012	Fabiola	BONTEMPS	F	24/08/1977	Iran	+981120774512
9533744	Katell	PROUST	F	03/03/1974	Greece	+309857291193
5111138	Teddy	BAUDET	M	02/02/1986	Nigeria	+2346497829913
8887151	Jean Noël	DELAUNE	M	16/06/1971	Japan	+812976726499
5772066	Nelly	CHANTEAU	M	11/03/1985	Turkey	+903063481878
0956143	Augustine	DELAGE	F	03/05/1984	Tunisia	+21693783322
7930091	Alexandra	MANGEARD	M	09/07/1976	United States of America	+15749598217
4333831	Gillian	GOUFFIER	F	30/03/1973	Morocco	+212324283856
5812371	Léonce	TIGNON	F	06/05/1970	Turkey	+903515307491
6247610	Philomène	TARDIF	F	04/09/1970	Sweden	+466120452308
2438956	Marie-Ange	BARAT	F	21/02/1984	Greece	+305838146045
5863829	Magali	LAURY	F	05/07/1984	Mexico	+527270066548
8922748	Ludovic	BOUQUET	M	26/01/1979	Chile	+56267313756
5223158	Laurence	ROUMY	M	25/12/1984	Norway	+4754314796
0711050	Brigitte	ROUGER	M	28/09/1984	Australia	+618866634916
3837194	Agnès	LIZE	M	21/09/1971	Turkey	+900014745759
7334728	Marie-Georges	DERSOIR	F	18/09/1979	Sweden	+464794640694
6116707	Marie-Isabelle	MABILLE	F	31/07/1983	France	+33232414008
3574784	Elena	SEGUINEAU	F	13/11/1978	Australia	+610746883125
3692923	Joelle	BURGEVIN	F	24/05/1980	Netherlands	+31016538666
5821440	Anette	JEAN	F	04/06/1987	China	+866876432293
3746335	Siegfried	RICOU	M	03/05/1971	Greece	+308441843631
4692390	Bérengère	LOGEAIS	F	19/12/1972	Chile	+56971725984
3687184	Josyane	MENOU	F	27/01/1973	Australia	+615578151596
6764056	Diego	VIAUX	M	14/07/1985	Turkey	+909924119668
5553974	Armande	VIEL	F	03/09/1972	Russia	+71370052066
4607546	Margaret	BUCHER	F	15/09/1976	China	+865589005751
0968605	Marylin	THIBERGE	F	16/11/1972	Sweden	+463503857605
8081382	Adrienne	BROSSAS	F	27/11/1972	Iran	+988645225974
1482630	Iris	LEBOUVIER	F	20/02/1988	Sweden	+460823715006
4051911	Marie-Claudine	BERGE	F	20/11/1979	Norway	+4719942120
3390147	Jonathan	BARDIN	M	05/01/1974	Germany	+495623192783
6367778	François	PERRAULT	F	30/09/1971	Sweden	+467228975311
7616452	Léonce	CONGNARD	F	11/04/1978	Japan	+813344057355
1589303	Marylin	RIVRON	F	21/09/1985	India	+911217099212
5768516	Werner	BREHERET	M	29/11/1976	United States of America	+14840478632
7984327	Anne Sophie	GUINOISEAU	F	14/07/1981	Colombia	+5726990641
0728852	Madeleine	BERGE	F	21/08/1971	Turkey	+903462608910
6775278	Arthur	DEZE	M	21/04/1988	Japan	+817790334097
7167627	Fernand	BROUSSEAU	M	07/11/1986	Sweden	+464789610240
9342743	Cynthia	VINCONNEAU	F	29/06/1977	Canada	+16983581371
0173050	Marie-Solange	SEGRETAIN	F	17/10/1973	Greece	+309899811993
3417782	Wilfried	MOULIN	M	30/04/1978	Greece	+307843896853
4330429	Marie-Josèphe	THOMAS	F	22/10/1979	Norway	+4754610888
5715974	Yves	VIAUX	M	29/04/1984	Brazil	+553668065264
5201673	Jacques	VAUGOYEAU	M	15/09/1990	Chile	+56160125293
1895588	Charlène	FUZEAU	F	03/07/1970	Mexico	+526639139145
0254653	Ana	LENOGUE	F	20/09/1987	United States of America	+16554204222
9952336	Sandrine	GUESDON	M	16/01/1970	Spain	+34445731202
4491542	P.Yves	BOIGNE	M	23/03/1986	Iran	+988365467080
0727456	Jeannick	ROTUREAU	F	28/05/1984	Australia	+619259581200
2315076	Jean Marcel	BLAIS	M	10/04/1977	Brazil	+552717444199
6680788	Corrine	GUILBAUD	F	14/11/1982	France	+33817879652
9946411	Omer	LIVENAIS	M	21/04/1970	India	+919119783596
0229573	Clarisse	JAUNET	F	21/05/1971	Greece	+304074575026
4477475	François-Xavier	BALAVOINE	M	14/04/1986	Mexico	+523376250375
9860589	Nolwen	TRAINEAU	F	01/02/1980	Colombia	+5708780259
0201639	Elvis	TELLIER	M	31/01/1973	Iran	+987070876313
6574564	Dorothee	PICANTIN	F	06/11/1970	United States of America	+11217781375
8116653	Jean-Richard	BESSON	M	20/08/1975	United States of America	+15707593061
6330578	Germain	GUEDON	M	15/10/1981	Turkey	+907367425877
7277065	Fadila	AUBINEAU	F	14/07/1986	Brazil	+556974781777
1733294	Suzel	ROCHE	F	05/08/1988	Canada	+11721234139
4183501	Fiona	FAURE	F	04/08/1974	Greece	+301494981797
7332900	Michéle	MINIER	F	16/10/1982	Germany	+494545356104
3974868	Ségolène	LEGAGNEUX	F	04/08/1976	Lebanon	+96136760495
5468829	Anne-Sophie	ROCHEREAU	F	04/02/1973	Germany	+498109930828
4995674	François Xavier	EMERIAU	M	27/02/1989	Germany	+496905471438
1745165	Jmichel	MARTINEAU	M	31/12/1981	Greece	+309594508066
5762467	Laëticia	VENDE	F	13/06/1977	Japan	+817282920803
1295427	Anaïs	AYRAULT	F	11/06/1981	United States of America	+17786042531
6701435	Ida	BREJON	F	28/12/1981	Greece	+301969987170
1281028	Aloyse	SIMON	M	17/02/1971	Australia	+615136691009
9227523	Anne-Sophie	BUREAU	F	20/01/1983	Greece	+301072106406
1141389	Maryvonne	BOYER	F	18/11/1987	China	+867825462192
6129453	Jean-Hugues	LE GOFF	M	15/10/1978	Canada	+19542552174
3825376	Emily	LECLAIR	F	02/11/1978	Italy	+394337526108
0242402	Ernest	HOUDU	M	27/02/1978	Australia	+614886826932
3608627	Jeaninne	GEINDREAU	F	07/03/1982	Austria	+434709234227
8978844	Ghyslain	THIBERGE	M	30/07/1976	Greece	+307847955752
4409391	Jean-Eudes	TIJOU	M	06/02/1976	Iran	+987870076312
9798863	Suzy	CHAUVIERE	F	28/02/1986	Mexico	+520747190934
2520169	Anne-Charlotte	CHOQUET	F	18/11/1976	Japan	+817599398659
7474123	Jean Charles	BOURGEOIS	M	27/10/1976	Italy	+396938737827
4300105	Eliette	VERGNEAU	F	18/07/1977	Morocco	+212556971160
3250571	Marie-Paule	TIERCELIN	M	28/03/1982	Japan	+816709632678
8327292	Marie Therese	SUROT	F	13/09/1972	Finland	+3580184691376
8826120	Candice	RABOUIN	F	09/11/1979	Norway	+4761189426
6735819	Hélèna	MAHE	F	01/05/1987	Chile	+56937146776
2289426	Claude	BURGEVIN	F	21/04/1978	Switzerland	+417045480834
3588038	Gaétan	FOUILLET	M	02/07/1981	United Kingdom	+443169489662
4839413	Keith	PAYNEAU	M	20/07/1988	Australia	+619197294722
5129112	Khadija	PROD HOMME	F	19/11/1982	Japan	+812124779472
0963435	Peio	JOSEPH	M	15/02/1984	Russia	+76632136800
0348650	Diego	BAUNE	M	26/03/1986	Mexico	+523963163445
6380173	Marie-Line	MARANDEAU	F	25/07/1979	Chile	+56704581739
6986577	Sybille	BLOUIN	F	11/09/1976	Belgium	+32260711900
0617771	Rozenn	POIROUX	F	20/09/1975	France	+33244748713
5682377	Humbert	BAUDOUIN	M	05/01/1978	Germany	+493810243314
6560403	Andrew	ARNOUX	M	06/10/1981	Nigeria	+2340704214983
1287358	Guylène	PAINEAU	F	06/11/1987	Switzerland	+413946796171
7500157	Samantha	GASCHET	F	24/04/1978	Brazil	+554906162175
2710064	Elvira	MORTIER	F	24/05/1978	Netherlands	+31091921012
5877586	Jérémy	RAVENEAU	M	05/12/1987	Nigeria	+2343089103145
2087132	Géraud	BESLOT	M	23/08/1984	Tunisia	+21615293083
1604724	Ann	LEVEQUE	F	05/05/1974	Italy	+399932882633
1781718	Leila	HAMON	F	07/10/1976	Japan	+815266145095
8543243	Thérése	MAREAU	F	05/05/1976	France	+33901683084
9566726	Joanna	LECUIT	F	08/04/1970	Greece	+300143432834
3402948	Nadege	MORAND	F	14/10/1976	Spain	+34210397203
0432041	Donatienne	CHENE	F	06/01/1980	Australia	+614362689555
8358397	Prosper	BARBARIN	M	27/08/1989	China	+869371524207
9075619	Ali	MAUDET	M	14/05/1980	Finland	+3583597425920
2146656	Anna	PEGE	F	21/08/1978	Iran	+985568828402
9052942	Eliette	ORHON	F	15/05/1988	Spain	+34650576913
3680399	Jean Paul	EDOUARD	M	01/02/1976	Iran	+984767023758
9541876	Rachida	MANGEARD	F	10/12/1979	France	+33394005975
2124331	Flore	GOISLARD	F	28/05/1989	Iran	+980933155065
0230891	Michele	ALLUSSE	F	24/05/1973	Sweden	+460274732349
6879239	Abdel	PREAU	M	30/11/1986	Morocco	+212266226140
2665643	Lucile	GAUTHIER	F	28/12/1987	India	+913823353194
1953473	Christophe	FRANCOIS	F	24/01/1971	Russia	+73713436464
1141280	Guislaine	LIEVRE	F	25/09/1984	Germany	+493117919356
0591188	Anaïs	MAUGEAIS	F	03/04/1976	Canada	+11314616984
4955669	Daniela	LEGENDRE	F	21/02/1990	Spain	+34658797577
1182280	Monika	BROSSAS	F	15/06/1984	Austria	+437692204243
5620107	Grace	BOSSEAU	F	06/06/1972	Canada	+14424256419
7402471	Mathilde	TUDOUX	F	13/10/1988	Mexico	+526863785342
2478556	Lionel	RUAU	M	31/03/1972	Japan	+816877268365
3921464	Rosemarie	BERTAUD	F	06/11/1970	Austria	+430427857487
2328781	Gabriel	BIGOT	M	04/11/1972	China	+861881930302
0654997	Marie Françoise	PERTUE	F	22/04/1970	Turkey	+904392983935
7226155	Christianne	DUCHENE	F	09/11/1973	Germany	+490723686279
9367440	Félicie	GUERRY	F	07/05/1986	Italy	+398779916484
3294576	Elodie	BOLTEAU	F	07/01/1982	Norway	+4769424557
9272361	Najia	TEXIER	F	05/09/1985	Netherlands	+31679853548
9748859	Cedric	FRUCHAUD	M	28/08/1973	Spain	+34079959111
7762112	Jean Louis	DENECHERE	M	09/12/1981	India	+913543900334
8860264	Amina	BAUDRIER	F	10/08/1971	Finland	+3582149347585
5139676	Fernand	VAUGOYEAU	M	01/05/1980	Sweden	+462487145195
5815505	Marie Joelle	MARTEAU	F	18/03/1983	China	+868070813467
3222554	Valèrie	BENOIST	F	19/04/1970	Sweden	+463963420926
0226896	Karima	TROTTIER	F	01/12/1979	Greece	+308142114211
4741921	Frantz	BLUTEAU	M	01/03/1976	Tunisia	+21658547982
0196330	Guislain	EDIN	M	18/10/1973	Sweden	+464122076621
9970230	Thérèse	LEDUC	M	30/06/1971	Colombia	+5722705063
2912055	Marie-Joëlle	LEFRANC	F	08/07/1976	Mexico	+522624612428
6259269	Jean-Roger	DELORME	M	16/02/1980	Colombia	+5746650054
7075145	Jean André	FOURNY	M	11/12/1978	United States of America	+13114642483
5827861	Eloïse	MENARD	F	16/07/1971	Japan	+810612857036
3713099	Ghyslaine	GIRARDEAU	F	20/09/1980	Finland	+3588805621691
8183722	Ariel	PIQUET	M	02/05/1983	Belgium	+32196321771
3329345	Olga	DUPAS	F	02/12/1973	Nigeria	+2346374521932
6371628	Roland	VACHER	M	26/12/1981	Sweden	+465561183889
9726210	Marc	DOLBOIS	M	21/08/1982	United Kingdom	+443015974657
5176091	Betty	GILLET	F	22/12/1974	Nigeria	+2341951988015
2811084	Emilie	PELLUAU	M	20/09/1972	Italy	+399285422187
1899538	Maîté	AUBIN	F	07/02/1976	Canada	+10553847189
9591738	Dorothée	RETIF	F	22/07/1987	Mexico	+527451773858
6597964	Joaquim	DUBAS	M	03/10/1987	Netherlands	+31746762840
0086899	Charline	LAURENDEAU	F	26/06/1974	Japan	+814979490203
6422009	Jean Toussaint	REVAUD	M	23/06/1971	Morocco	+212249804736
6801335	Adeline	BOUYER	F	31/03/1978	Sweden	+466144476441
3149116	Pauline	CHAUVIN	F	22/09/1989	United States of America	+17720851272
7997539	Jean-Dominique	BARBOT	M	24/06/1976	Lebanon	+96177214535
6132658	Marie-Hélène	MARTINEAU	M	24/10/1980	Russia	+77908405456
6702771	Jimmy	CANTIN	M	12/12/1970	Germany	+490616442913
0115040	Abdel	CHACUN	M	24/01/1986	Greece	+308153786725
5457138	Pierre-Paul	GILLET	M	15/03/1985	Tunisia	+21620078003
4119676	Léopold	GABORIT	M	28/07/1990	Italy	+390737975358
7671230	Jean-Philippe	LE BRAS	M	24/09/1980	Brazil	+557019232643
5857507	Enrique	HOUDU	M	06/08/1990	Spain	+34940114286
7587995	Sébastien	POINTEAU	M	28/09/1974	United States of America	+18029192363
3854044	Marius	DIARD	M	13/05/1972	United States of America	+17581439236
7374310	Renée	BODUSSEAU	M	30/04/1978	Mexico	+524856902571
1796228	James	TISSEAU	M	25/06/1971	Sweden	+460366390543
8030886	Philippe	FROGER	F	25/04/1985	Netherlands	+31062770604
6562734	Manuel	LECOINDRE	M	17/08/1990	Italy	+394285729148
4546666	Corinne	PASQUIET	F	05/11/1988	Norway	+4776880438
4795340	Corrine	BARBARIN	F	19/09/1989	Tunisia	+21683395381
0592953	Pierre Paul	POUVREAU	M	07/08/1979	Italy	+392225347122
3389071	Abel	GESLIN	M	28/01/1985	Greece	+304848760788
2200425	René	ROULLIER	M	09/09/1987	Italy	+394836079029
7568048	Pierre-André	LOGEAIS	M	29/07/1982	Brazil	+558448140273
8477989	Ollivier	GICQUEL	M	27/05/1983	Italy	+399564239679
6085586	Rénald	MARET	M	26/08/1983	Chile	+56913604247
2384239	Myriam	COUVREUR	F	09/01/1984	Sweden	+460001023516
8220318	Jean Bernard	LAUNAY	M	29/06/1980	Morocco	+212398131576
6929860	Pierre Yves	BASLE	M	19/09/1987	Netherlands	+31508538408
4686779	Constantin	FRESNEAU	M	03/11/1990	United Kingdom	+442644923207
6440073	Valerie	LUCAS	M	02/10/1981	Norway	+4783777570
5334776	Joannès	MABILLEAU	M	08/02/1975	Netherlands	+31987588856
1649780	Jeremy	LAURENDEAU	M	29/08/1972	Russia	+76794390620
3651919	Beatrice	CRESPIN	F	04/09/1988	Sweden	+463754202073
6194539	Sandra	NOUCHET	M	17/01/1988	Brazil	+556148157621
8263974	Florent	TRAINEAU	M	28/05/1986	Sweden	+463928954468
4774019	Sébastien	GUION	M	28/01/1976	Tunisia	+21689657408
9815386	Marise	MOUSSEAU	F	22/02/1973	Netherlands	+31249718668
3977481	Typhaine	SUTEAU	F	24/10/1978	Russia	+73396794159
4219748	Erik	RABIN	M	11/05/1989	China	+868552817198
8801391	Frédéric	JOUAN	F	05/10/1975	Russia	+77178592509
8756374	Marilyn	HULLIN	F	31/08/1974	Turkey	+906858987039
3151705	Rose Marie	MAUCOURT	F	02/11/1972	Japan	+816322903206
1997690	Patrick	BOUHIRON	M	05/06/1984	Belgium	+32492094056
8177418	Annick	LORRE	M	26/10/1980	Turkey	+908028292192
2909548	Marie-Hélène	CHICOISNE	F	18/06/1974	Spain	+34854899877
4490469	Maylis	JOLLIVET	F	18/04/1978	Canada	+13410437538
6437213	Siegfried	MINGOT	M	01/09/1981	Argentina	+542267451114
5121192	Caroline	REVEILLERE	M	14/11/1988	China	+865498989011
6766127	Jeanine	DIARD	F	20/07/1979	Brazil	+550234744063
0396893	Jean-Hubert	RABERGEAU	M	29/05/1975	Brazil	+555091372146
5710465	Rodolphe	SOURICE	M	25/06/1979	Germany	+490258983885
6562376	Patrice	GOUFFIER	M	29/08/1988	Brazil	+559240264973
6567131	Frédéric	TARDIF	F	20/03/1980	Spain	+34706536419
5357161	Pierre-André	HERIN	M	11/04/1989	China	+861072020796
0834814	Gwladys	GUITET	F	19/09/1977	Chile	+56796211601
9006608	Mariette	ROULLEAU	F	22/08/1988	Austria	+437252148198
8256538	Fabiola	MILON	F	21/08/1976	Canada	+11756582486
1731007	Françoise	GASTE	F	03/03/1983	Tunisia	+21672420380
9933750	Emeric	BAUDON	M	05/09/1978	United Kingdom	+441773926936
7409190	Rebecca	LAUNAY	F	10/03/1973	Norway	+4785273948
5629544	Erwann	COHU	M	15/01/1978	Netherlands	+31279955146
0111049	Samir	MECHINEAU	M	12/10/1981	India	+914442544587
9742431	Marie-Agnes	REMOUE	F	09/03/1979	United States of America	+15021487765
9617910	Eugene	FORTIER	M	02/04/1988	Argentina	+546012950993
0461690	Josselyne	CHASSERIAU	F	22/11/1975	China	+867028362853
8978967	Veronique	CLAVREUIL	F	09/05/1978	Iran	+987998206448
7328809	Laurence	ROUILLE	F	24/10/1987	Greece	+302217496637
8262637	Stanislas	ALLARD	M	27/02/1981	Turkey	+903104241172
7993960	Gilles	LAIZE	M	04/11/1986	Mexico	+523430938278
6012551	Gislaine	CAILLET	F	23/01/1971	Nigeria	+2341224024736
9501240	Clotaire	GUIMBRETIERE	M	24/09/1981	Brazil	+557511681424
3330712	Kamel	LEROYER	M	29/12/1985	Austria	+433007038525
2287146	Ernestine	PERROCHON	F	13/05/1973	Mexico	+529415016233
3281393	Théophile	SACHOT	M	04/02/1983	Morocco	+212660984308
3413810	Renée	LELOUP	M	07/10/1975	Greece	+301495371803
5071489	Manon	ALGOURDIN	F	21/11/1970	Argentina	+541954237492
4747962	Ricardo	POMMIER	M	29/12/1981	Greece	+309873326862
8155093	Firmin	SECHET	M	07/09/1976	Japan	+814931928343
0573749	Damien	PLESSIS	M	13/12/1987	France	+33163771714
1295543	Amélie	SICOT	F	31/05/1977	Nigeria	+2347736782460
9237737	Jean-Bernard	LEDROIT	M	05/12/1983	Spain	+34866284610
2499096	Sophie	TAUDON	M	06/04/1975	United Kingdom	+449461120670
5244983	Elisabeth	JOURDAN	F	04/02/1974	Greece	+301378422609
4666404	Lauriane	POMMIER	F	07/03/1973	Lebanon	+96162756806
3274065	Marie-Henriette	BONNEAU	F	12/03/1971	Tunisia	+21634747655
5910667	Ophélie	POIRON	F	16/09/1971	Russia	+76305870331
9430344	Ruben	CHEVET	M	31/07/1987	Russia	+70772336217
1175385	France	GUEGUEN	F	12/07/1976	Netherlands	+31108280666
4514655	Bertille	AUDEBERT	F	23/04/1983	Mexico	+527303535765
5793746	Josselyne	VEAU	F	26/07/1971	Finland	+3588145958826
7412743	Alix	BORDAGE	M	10/10/1974	Japan	+810670003079
4211727	Said	GREFFIER	M	24/01/1980	Greece	+301845643469
4517303	Céline	ABELLARD	F	30/03/1989	Finland	+3582322671143
4322701	Danièle	BRILLET	F	20/02/1986	China	+868978340408
4011589	Marilys	BLON	F	17/08/1977	Australia	+614731200040
1818747	Dolorès	TOUCHET	F	13/10/1989	Turkey	+901738637979
4435089	Dorothée	EUGENE	F	07/03/1983	Turkey	+904832576461
9617352	Josse	POILANE	M	20/05/1979	United States of America	+16641379179
3226762	Justine	VERGNEAU	F	12/07/1986	Norway	+4730884114
7382666	Léonce	BREHERET	F	22/05/1970	Brazil	+559595615987
4709137	Rozenn	PASQUET	F	28/02/1970	Sweden	+466727150409
5230128	Rose-Hélène	CHAIGNEAU	F	30/11/1973	Norway	+4747384100
1533717	Siméon	EVEILLARD	M	09/12/1974	Germany	+497004434815
6733782	Clarisse	ROLAND	F	17/02/1977	Australia	+611488260313
0493701	Bettina	FERTRE	F	29/09/1971	Finland	+3585713362873
2526784	Marie-Christiane	TRICOIRE	F	27/03/1972	France	+33023699662
6610609	Georgina	MAZE	F	01/09/1986	Greece	+301107179984
7005813	Ismaël	MOUILLE	M	17/12/1972	Iran	+987751212098
9223879	Miguel	BELIARD	M	29/02/1984	Netherlands	+31273838607
1741433	Emmanuel	DERSOIR	M	23/07/1978	Germany	+494994689728
0737229	Norbert	MENAND	M	06/05/1980	Austria	+435578232763
4241957	Olga	GUEFFIER	F	09/07/1970	Lebanon	+96187791236
5202841	Michèle	COUDRIN	F	13/06/1977	Turkey	+906211468089
5087467	Karelle	POIRRIER	F	27/04/1985	United Kingdom	+446728548577
3662553	Emilie	JOUAN	F	07/10/1990	Nigeria	+2348531905709
5163182	Stéfan	LOPEZ	M	30/08/1988	Germany	+499355583958
8773141	Thibaut	GOISNARD	M	09/09/1987	Brazil	+556234422339
8491414	Lilian	BRU	M	01/06/1984	Germany	+496558984333
5995191	Ludovic	ROBERT	M	26/05/1970	Tunisia	+21642420738
6605808	Any	PLESSIS	F	23/05/1985	Sweden	+464938204210
7539591	Jean-Christian	CHARRIER	M	23/05/1977	Morocco	+212171362567
7875693	Marie-Odile	PANTAIS	F	21/04/1986	Chile	+56678373169
2953602	Vladimir	PAULEAU	M	26/09/1982	Nigeria	+2343462154531
0040241	Bachir	AUDIGANE	M	04/01/1986	Japan	+818018615452
8742400	Véronique	BERSON	M	26/11/1977	India	+913728163587
6634630	Abdelkader	GUIMBRETIERE	M	10/08/1975	Australia	+619646962995
0402856	Johan	POUSSIN	M	12/02/1972	India	+915122820999
6673798	Kathy	VIEL	F	26/12/1987	Tunisia	+21621375953
6755554	Sylviane	GUERRY	F	23/02/1975	United States of America	+16326806216
4634353	Marie-Elise	NAUDIN	F	06/06/1976	Morocco	+212319826055
0602846	Renée	PRIEUR	M	04/09/1971	Mexico	+523922447000
5018494	Marie-Blanche	BELOUARD	F	14/12/1982	Canada	+16768603469
6050436	Cristina	RIOBE	F	29/06/1974	Switzerland	+410328417351
6157344	Nelson	BESSON	M	11/11/1990	Greece	+306898920325
3100780	Toni	DUPUIS	M	24/11/1985	China	+868443540081
0314483	Maureen	LENOIR	F	09/10/1978	China	+865860747021
5641192	Sylvaine	TRICOIRE	F	18/01/1982	India	+916247374201
8091557	Jean-Edouard	LANGE	M	23/09/1985	Norway	+4744765914
6991796	Khadija	EDOUARD	F	15/04/1979	Morocco	+212733713755
4075623	Marceline	CHARTON	F	09/06/1981	Mexico	+521109016001
