film_id,language,release_year,rental_duration,rental_rate,title
1,English,2006,6,0.99,ACADEMY DINOSAUR
3,English,2006,7,2.99,ADAPTATION HOLES
4,English,2006,5,2.99,AFFAIR PREJUDICE
5,English,2006,6,2.99,AFRICAN EGG
6,English,2006,3,2.99,AGENT TRUMAN
7,English,2006,6,4.99,AIRPLANE SIERRA
8,English,2006,6,4.99,AIRPORT POLLOCK
9,English,2006,3,2.99,ALABAMA DEVIL
10,English,2006,6,4.99,ALADDIN CALENDAR
11,English,2006,6,0.99,ALAMO VIDEOTAPE
12,English,2006,6,0.99,ALASKA PHANTOM
213,English,2006,4,0.99,DATE SPEED
13,English,2006,4,4.99,ALI FOREVER
14,English,2006,6,0.99,ALICE FANTASIA
15,English,2006,5,2.99,ALIEN CENTER
16,English,2006,6,2.99,ALLEY EVOLUTION
17,English,2006,3,0.99,ALONE TRIP
18,English,2006,6,0.99,ALTER VICTORY
19,English,2006,6,0.99,AMADEUS HOLY
20,English,2006,4,4.99,AMELIE HELLFIGHTERS
21,English,2006,3,4.99,AMERICAN CIRCUS
22,English,2006,6,2.99,AMISTAD MIDSUMMER
23,English,2006,3,0.99,ANACONDA CONFESSIONS
24,English,2006,6,2.99,ANALYZE HOOSIERS
25,English,2006,3,2.99,ANGELS LIFE
26,English,2006,3,0.99,ANNIE IDENTITY
27,English,2006,7,0.99,ANONYMOUS HUMAN
28,English,2006,5,4.99,ANTHEM LUKE
29,English,2006,5,2.99,ANTITRUST TOMATOES
30,English,2006,4,2.99,ANYTHING SAVANNAH
31,English,2006,5,4.99,APACHE DIVINE
32,English,2006,6,4.99,APOCALYPSE FLAMINGOS
33,English,2006,5,2.99,APOLLO TEEN
34,English,2006,6,0.99,ARABIA DOGMA
35,English,2006,4,2.99,ARACHNOPHOBIA ROLLERCOASTER
36,English,2006,7,0.99,ARGONAUTS TOWN
37,English,2006,3,2.99,ARIZONA BANG
38,English,2006,6,0.99,ARK RIDGEMONT
39,English,2006,5,0.99,ARMAGEDDON LOST
40,English,2006,4,0.99,ARMY FLINTSTONES
41,English,2006,4,0.99,ARSENIC INDEPENDENCE
42,English,2006,5,2.99,ARTIST COLDBLOODED
43,English,2006,6,2.99,ATLANTIS CAUSE
44,English,2006,5,4.99,ATTACKS HATE
45,English,2006,5,4.99,ATTRACTION NEWTON
46,English,2006,3,4.99,AUTUMN CROW
47,English,2006,5,4.99,BABY HALL
48,English,2006,3,4.99,BACKLASH UNDEFEATED
49,English,2006,6,2.99,BADMAN DAWN
50,English,2006,3,2.99,BAKED CLEOPATRA
51,English,2006,5,2.99,BALLOON HOMEWARD
52,English,2006,6,0.99,BALLROOM MOCKINGBIRD
53,English,2006,5,2.99,BANG KWAI
54,English,2006,5,0.99,BANGER PINOCCHIO
55,English,2006,6,2.99,BARBARELLA STREETCAR
56,English,2006,6,2.99,BAREFOOT MANCHURIAN
57,English,2006,4,2.99,BASIC EASY
58,English,2006,6,2.99,BEACH HEARTBREAKERS
59,English,2006,4,2.99,BEAR GRACELAND
60,English,2006,3,4.99,BEAST HUNCHBACK
61,English,2006,5,4.99,BEAUTY GREASE
62,English,2006,5,2.99,BED HIGHBALL
63,English,2006,6,0.99,BEDAZZLED MARRIED
64,English,2006,6,0.99,BEETHOVEN EXORCIST
65,English,2006,3,4.99,BEHAVIOR RUNAWAY
66,English,2006,6,0.99,BENEATH RUSH
67,English,2006,5,2.99,BERETS AGENT
68,English,2006,5,4.99,BETRAYED REAR
69,English,2006,3,2.99,BEVERLY OUTLAW
70,English,2006,7,4.99,BIKINI BORROWERS
71,English,2006,3,4.99,BILKO ANONYMOUS
72,English,2006,6,2.99,BILL OTHERS
73,English,2006,5,2.99,BINGO TALENTED
74,English,2006,4,4.99,BIRCH ANTITRUST
75,English,2006,6,4.99,BIRD INDEPENDENCE
76,English,2006,4,0.99,BIRDCAGE CASPER
77,English,2006,5,4.99,BIRDS PERDITION
78,English,2006,7,2.99,BLACKOUT PRIVATE
79,English,2006,5,0.99,BLADE POLISH
80,English,2006,7,2.99,BLANKET BEVERLY
81,English,2006,6,4.99,BLINDNESS GUN
82,English,2006,3,0.99,BLOOD ARGONAUTS
83,English,2006,5,2.99,BLUES INSTINCT
84,English,2006,7,4.99,BOILED DARES
85,English,2006,4,0.99,BONNIE HOLOCAUST
86,English,2006,6,4.99,BOOGIE AMELIE
87,English,2006,7,0.99,BOONDOCK BALLROOM
88,English,2006,7,4.99,BORN SPINAL
89,English,2006,7,0.99,BORROWERS BEDAZZLED
90,English,2006,3,0.99,BOULEVARD MOB
91,English,2006,5,0.99,BOUND CHEAPER
92,English,2006,7,4.99,BOWFINGER GABLES
93,English,2006,4,4.99,BRANNIGAN SUNRISE
94,English,2006,7,2.99,BRAVEHEART HUMAN
95,English,2006,5,4.99,BREAKFAST GOLDFINGER
96,English,2006,4,2.99,BREAKING HOME
97,English,2006,7,0.99,BRIDE INTRIGUE
98,English,2006,4,4.99,BRIGHT ENCOUNTERS
99,English,2006,7,2.99,BRINGING HYSTERICAL
100,English,2006,7,4.99,BROOKLYN DESERT
101,English,2006,3,0.99,BROTHERHOOD BLANKET
102,English,2006,4,4.99,BUBBLE GROSSE
103,English,2006,7,4.99,BUCKET BROTHERHOOD
104,English,2006,4,2.99,BUGSY SONG
105,English,2006,6,0.99,BULL SHAWSHANK
106,English,2006,4,2.99,BULWORTH COMMANDMENTS
107,English,2006,4,2.99,BUNCH MINDS
108,English,2006,6,0.99,BUTCH PANTHER
109,English,2006,3,0.99,BUTTERFLY CHOCOLAT
110,English,2006,4,0.99,CABIN FLASH
111,English,2006,3,0.99,CADDYSHACK JEDI
112,English,2006,4,4.99,CALENDAR GUNFIGHT
113,English,2006,4,4.99,CALIFORNIA BIRDS
114,English,2006,3,0.99,CAMELOT VACATION
115,English,2006,5,2.99,CAMPUS REMEMBER
116,English,2006,4,2.99,CANDIDATE PERDITION
117,English,2006,6,4.99,CANDLES GRAPES
118,English,2006,7,0.99,CANYON STOCK
119,English,2006,6,0.99,CAPER MOTIONS
120,English,2006,3,4.99,CARIBBEAN LIBERTY
121,English,2006,4,2.99,CAROL TEXAS
122,English,2006,7,0.99,CARRIE BUNCH
123,English,2006,6,4.99,CASABLANCA SUPER
124,English,2006,3,4.99,CASPER DRAGONFLY
125,English,2006,5,2.99,CASSIDY WYOMING
126,English,2006,3,4.99,CASUALTIES ENCINO
127,English,2006,5,4.99,CAT CONEHEADS
128,English,2006,7,0.99,CATCH AMISTAD
129,English,2006,3,2.99,CAUSE DATE
130,English,2006,7,0.99,CELEBRITY HORN
131,English,2006,5,4.99,CENTER DINOSAUR
132,English,2006,6,0.99,CHAINSAW UPTOWN
133,English,2006,7,4.99,CHAMBER ITALIAN
134,English,2006,4,4.99,CHAMPION FLATLINERS
135,English,2006,3,2.99,CHANCE RESURRECTION
136,English,2006,7,2.99,CHAPLIN LICENSE
137,English,2006,3,2.99,CHARADE DUFFEL
138,English,2006,5,2.99,CHARIOTS CONSPIRACY
139,English,2006,7,4.99,CHASING FIGHT
140,English,2006,6,0.99,CHEAPER CLYDE
141,English,2006,6,4.99,CHICAGO NORTH
142,English,2006,3,0.99,CHICKEN HELLFIGHTERS
143,English,2006,6,0.99,CHILL LUCK
144,English,2006,7,4.99,CHINATOWN GLADIATOR
145,English,2006,5,4.99,CHISUM BEHAVIOR
146,English,2006,6,2.99,CHITTY LOCK
147,English,2006,5,0.99,CHOCOLAT HARRY
148,English,2006,3,2.99,CHOCOLATE DUCK
149,English,2006,7,0.99,CHRISTMAS MOONSHINE
150,English,2006,7,2.99,CIDER DESIRE
151,English,2006,5,4.99,CINCINATTI WHISPERER
152,English,2006,5,2.99,CIRCUS YOUTH
153,English,2006,7,0.99,CITIZEN SHREK
154,English,2006,6,2.99,CLASH FREDDY
155,English,2006,6,0.99,CLEOPATRA DEVIL
156,English,2006,3,4.99,CLERKS ANGELS
157,English,2006,7,0.99,CLOCKWORK PARADISE
158,English,2006,6,2.99,CLONES PINOCCHIO
159,English,2006,5,4.99,CLOSER BANG
160,English,2006,4,0.99,CLUB GRAFFITI
161,English,2006,6,4.99,CLUE GRAIL
162,English,2006,4,2.99,CLUELESS BUCKET
163,English,2006,4,0.99,CLYDE THEORY
164,English,2006,4,0.99,COAST RAINBOW
165,English,2006,7,4.99,COLDBLOODED DARLING
166,English,2006,6,2.99,COLOR PHILADELPHIA
167,English,2006,6,4.99,COMA HEAD
168,English,2006,5,0.99,COMANCHEROS ENEMY
169,English,2006,3,2.99,COMFORTS RUSH
170,English,2006,5,4.99,COMMAND DARLING
171,English,2006,6,4.99,COMMANDMENTS EXPRESS
172,English,2006,7,4.99,CONEHEADS SMOOCHY
173,English,2006,7,4.99,CONFESSIONS MAGUIRE
174,English,2006,6,4.99,CONFIDENTIAL INTERVIEW
175,English,2006,3,2.99,CONFUSED CANDLES
176,English,2006,6,0.99,CONGENIALITY QUEST
177,English,2006,4,4.99,CONNECTICUT TRAMP
178,English,2006,6,0.99,CONNECTION MICROCOSMOS
179,English,2006,4,4.99,CONQUERER NUTS
180,English,2006,4,2.99,CONSPIRACY SPIRIT
181,English,2006,7,2.99,CONTACT ANONYMOUS
182,English,2006,7,4.99,CONTROL ANTHEM
183,English,2006,4,4.99,CONVERSATION DOWNHILL
184,English,2006,3,2.99,CORE SUIT
185,English,2006,3,2.99,COWBOY DOOM
186,English,2006,6,0.99,CRAFT OUTFIELD
187,English,2006,5,2.99,CRANES RESERVOIR
188,English,2006,7,2.99,CRAZY HOME
189,English,2006,3,0.99,CREATURES SHAKESPEARE
190,English,2006,5,4.99,CREEPERS KANE
191,English,2006,6,0.99,CROOKED FROGMEN
192,English,2006,4,4.99,CROSSING DIVORCE
193,English,2006,5,2.99,CROSSROADS CASUALTIES
194,English,2006,6,0.99,CROW GREASE
195,English,2006,3,4.99,CROWDS TELEMARK
196,English,2006,7,0.99,CRUELTY UNFORGIVEN
197,English,2006,4,2.99,CRUSADE HONEY
198,English,2006,6,2.99,CRYSTAL BREAKING
199,English,2006,4,2.99,CUPBOARD SINNERS
200,English,2006,7,0.99,CURTAIN VIDEOTAPE
201,English,2006,7,2.99,CYCLONE FAMILY
202,English,2006,5,4.99,DADDY PITTSBURGH
203,English,2006,5,4.99,DAISY MENAGERIE
204,English,2006,4,0.99,DALMATIONS SWEDEN
205,English,2006,3,0.99,DANCES NONE
206,English,2006,6,0.99,DANCING FEVER
207,English,2006,7,4.99,DANGEROUS UPTOWN
208,English,2006,7,2.99,DARES PLUTO
209,English,2006,6,2.99,DARKNESS WAR
210,English,2006,3,4.99,DARKO DORADO
211,English,2006,7,4.99,DARLING BREAKING
212,English,2006,7,4.99,DARN FORRESTER
214,English,2006,3,4.99,DAUGHTER MADIGAN
215,English,2006,4,4.99,DAWN POND
216,English,2006,3,4.99,DAY UNFAITHFUL
217,English,2006,6,4.99,DAZED PUNK
218,English,2006,7,0.99,DECEIVER BETRAYED
219,English,2006,6,4.99,DEEP CRUSADE
220,English,2006,7,2.99,DEER VIRGINIAN
221,English,2006,4,0.99,DELIVERANCE MULHOLLAND
222,English,2006,4,4.99,DESERT POSEIDON
223,English,2006,7,2.99,DESIRE ALIEN
224,English,2006,7,4.99,DESPERATE TRAINSPOTTING
225,English,2006,3,0.99,DESTINATION JERK
226,English,2006,4,4.99,DESTINY SATURDAY
227,English,2006,4,4.99,DETAILS PACKER
228,English,2006,4,0.99,DETECTIVE VISION
229,English,2006,6,4.99,DEVIL DESIRE
230,English,2006,7,2.99,DIARY PANIC
231,English,2006,7,2.99,DINOSAUR SECRETARY
232,English,2006,7,2.99,DIRTY ACE
233,English,2006,3,0.99,DISCIPLE MOTHER
234,English,2006,6,2.99,DISTURBING SCARFACE
235,English,2006,6,2.99,DIVIDE MONSTER
236,English,2006,4,2.99,DIVINE RESURRECTION
237,English,2006,3,2.99,DIVORCE SHINING
238,English,2006,4,2.99,DOCTOR GRAIL
239,English,2006,5,4.99,DOGMA FAMILY
240,English,2006,7,2.99,DOLLS RAGE
241,English,2006,4,0.99,DONNIE ALLEY
242,English,2006,4,0.99,DOOM DANCING
243,English,2006,3,4.99,DOORS PRESIDENT
244,English,2006,5,4.99,DORADO NOTTING
245,English,2006,4,0.99,DOUBLE WRATH
246,English,2006,5,4.99,DOUBTFIRE LABYRINTH
247,English,2006,3,0.99,DOWNHILL ENOUGH
248,English,2006,6,4.99,DOZEN LION
249,English,2006,7,0.99,DRACULA CRYSTAL
250,English,2006,4,0.99,DRAGON SQUAD
251,English,2006,6,4.99,DRAGONFLY STRANGERS
252,English,2006,6,2.99,DREAM PICKUP
253,English,2006,5,4.99,DRIFTER COMMANDMENTS
254,English,2006,4,2.99,DRIVER ANNIE
255,English,2006,6,4.99,DRIVING POLISH
256,English,2006,6,4.99,DROP WATERFRONT
257,English,2006,3,0.99,DRUMLINE CYCLONE
258,English,2006,6,0.99,DRUMS DYNAMITE
259,English,2006,4,2.99,DUCK RACER
260,English,2006,3,4.99,DUDE BLINDNESS
261,English,2006,5,0.99,DUFFEL APOCALYPSE
262,English,2006,5,0.99,DUMBO LUST
263,English,2006,6,4.99,DURHAM PANKY
264,English,2006,6,2.99,DWARFS ALTER
265,English,2006,5,4.99,DYING MAKER
266,English,2006,4,0.99,DYNAMITE TARZAN
267,English,2006,4,4.99,EAGLES PANKY
268,English,2006,6,4.99,EARLY HOME
269,English,2006,3,0.99,EARRING INSTINCT
270,English,2006,7,0.99,EARTH VISION
271,English,2006,5,4.99,EASY GLADIATOR
272,English,2006,5,4.99,EDGE KISSING
273,English,2006,6,0.99,EFFECT GLADIATOR
274,English,2006,4,2.99,EGG IGBY
275,English,2006,3,0.99,EGYPT TENENBAUMS
276,English,2006,6,4.99,ELEMENT FREDDY
277,English,2006,4,4.99,ELEPHANT TROJAN
278,English,2006,4,4.99,ELF MURDER
279,English,2006,7,4.99,ELIZABETH SHANE
280,English,2006,7,0.99,EMPIRE MALKOVICH
281,English,2006,6,0.99,ENCINO ELF
282,English,2006,5,0.99,ENCOUNTERS CURTAIN
283,English,2006,6,0.99,ENDING CROWDS
284,English,2006,5,4.99,ENEMY ODDS
285,English,2006,3,0.99,ENGLISH BULWORTH
286,English,2006,7,2.99,ENOUGH RAGING
287,English,2006,5,0.99,ENTRAPMENT SATISFACTION
288,English,2006,7,2.99,ESCAPE METROPOLIS
289,English,2006,5,4.99,EVE RESURRECTION
290,English,2006,4,0.99,EVERYONE CRAFT
291,English,2006,5,0.99,EVOLUTION ALTER
292,English,2006,3,0.99,EXCITEMENT EVE
293,English,2006,6,2.99,EXORCIST STING
294,English,2006,5,4.99,EXPECATIONS NATURAL
295,English,2006,3,0.99,EXPENDABLE STALLION
296,English,2006,5,2.99,EXPRESS LONELY
297,English,2006,6,2.99,EXTRAORDINARY CONQUERER
298,English,2006,4,2.99,EYES DRIVING
299,English,2006,4,0.99,FACTORY DRAGON
300,English,2006,5,4.99,FALCON VOLUME
301,English,2006,4,0.99,FAMILY SWEET
302,English,2006,5,2.99,FANTASIA PARK
303,English,2006,6,0.99,FANTASY TROOPERS
304,English,2006,3,2.99,FARGO GANDHI
305,English,2006,6,2.99,FATAL HAUNTED
306,English,2006,3,0.99,FEATHERS METAL
307,English,2006,6,4.99,FELLOWSHIP AUTUMN
308,English,2006,3,2.99,FERRIS MOTHER
309,English,2006,6,0.99,FEUD FROGMEN
310,English,2006,5,4.99,FEVER EMPIRE
311,English,2006,4,0.99,FICTION CHRISTMAS
312,English,2006,4,4.99,FIDDLER LOST
313,English,2006,5,4.99,FIDELITY DEVIL
314,English,2006,3,0.99,FIGHT JAWBREAKER
315,English,2006,4,0.99,FINDING ANACONDA
316,English,2006,5,4.99,FIRE WOLVES
317,English,2006,4,0.99,FIREBALL PHILADELPHIA
318,English,2006,7,0.99,FIREHOUSE VIETNAM
319,English,2006,4,2.99,FISH OPUS
320,English,2006,4,4.99,FLAMINGOS CONNECTICUT
321,English,2006,3,4.99,FLASH WARS
322,English,2006,5,2.99,FLATLINERS KILLER
323,English,2006,7,4.99,FLIGHT LIES
324,English,2006,3,4.99,FLINTSTONES HAPPINESS
325,English,2006,6,2.99,FLOATS GARDEN
326,English,2006,6,2.99,FLYING HOOK
327,English,2006,3,4.99,FOOL MOCKINGBIRD
328,English,2006,7,2.99,FOREVER CANDIDATE
329,English,2006,4,2.99,FORREST SONS
330,English,2006,7,4.99,FORRESTER COMANCHEROS
331,English,2006,6,2.99,FORWARD TEMPLE
332,English,2006,7,0.99,FRANKENSTEIN STRANGER
333,English,2006,7,2.99,FREAKY POCUS
334,English,2006,6,4.99,FREDDY STORM
335,English,2006,5,0.99,FREEDOM CLEOPATRA
336,English,2006,5,4.99,FRENCH HOLIDAY
337,English,2006,6,2.99,FRIDA SLIPPER
338,English,2006,6,4.99,FRISCO FORREST
339,English,2006,5,0.99,FROGMEN BREAKING
340,English,2006,6,4.99,FRONTIER CABIN
341,English,2006,5,0.99,FROST HEAD
342,English,2006,7,4.99,FUGITIVE MAGUIRE
343,English,2006,6,2.99,FULL FLATLINERS
344,English,2006,3,0.99,FURY MURDER
345,English,2006,3,0.99,GABLES METROPOLIS
346,English,2006,4,4.99,GALAXY SWEETHEARTS
347,English,2006,7,4.99,GAMES BOWFINGER
348,English,2006,7,0.99,GANDHI KWAI
349,English,2006,4,2.99,GANGS PRIDE
350,English,2006,3,4.99,GARDEN ISLAND
351,English,2006,4,2.99,GASLIGHT CRUSADE
352,English,2006,4,0.99,GATHERING CALENDAR
353,English,2006,6,2.99,GENTLEMEN STAGE
354,English,2006,6,4.99,GHOST GROUNDHOG
355,English,2006,7,0.99,GHOSTBUSTERS ELF
356,English,2006,5,2.99,GIANT TROOPERS
357,English,2006,7,0.99,GILBERT PELICAN
358,English,2006,5,0.99,GILMORE BOILED
359,English,2006,6,4.99,GLADIATOR WESTWARD
360,English,2006,4,0.99,GLASS DYING
361,English,2006,5,2.99,GLEAMING JAWBREAKER
362,English,2006,7,2.99,GLORY TRACY
363,English,2006,3,0.99,GO PURPLE
364,English,2006,3,2.99,GODFATHER DIARY
365,English,2006,4,4.99,GOLD RIVER
366,English,2006,3,0.99,GOLDFINGER SENSIBILITY
367,English,2006,6,0.99,GOLDMINE TYCOON
368,English,2006,7,2.99,GONE TROUBLE
369,English,2006,4,4.99,GOODFELLAS SALUTE
370,English,2006,4,2.99,GORGEOUS BINGO
371,English,2006,5,4.99,GOSFORD DONNIE
372,English,2006,5,4.99,GRACELAND DYNAMITE
373,English,2006,7,2.99,GRADUATE LORD
374,English,2006,3,0.99,GRAFFITI LOVE
375,English,2006,4,2.99,GRAIL FRANKENSTEIN
376,English,2006,4,0.99,GRAPES FURY
377,English,2006,7,0.99,GREASE YOUTH
378,English,2006,5,2.99,GREATEST NORTH
379,English,2006,7,0.99,GREEDY ROOTS
380,English,2006,7,2.99,GREEK EVERYONE
381,English,2006,7,4.99,GRINCH MASSAGE
382,English,2006,3,0.99,GRIT CLOCKWORK
383,English,2006,6,0.99,GROOVE FICTION
384,English,2006,5,4.99,GROSSE WONDERFUL
385,English,2006,6,4.99,GROUNDHOG UNCUT
386,English,2006,3,4.99,GUMP DATE
387,English,2006,7,0.99,GUN BONNIE
388,English,2006,5,0.99,GUNFIGHT MOON
389,English,2006,3,2.99,GUNFIGHTER MUSSOLINI
390,English,2006,4,4.99,GUYS FALCON
391,English,2006,6,2.99,HALF OUTFIELD
392,English,2006,5,4.99,HALL CASSIDY
393,English,2006,6,2.99,HALLOWEEN NUTS
394,English,2006,7,2.99,HAMLET WISDOM
395,English,2006,4,0.99,HANDICAP BOONDOCK
396,English,2006,5,4.99,HANGING DEEP
397,English,2006,5,2.99,HANKY OCTOBER
398,English,2006,5,4.99,HANOVER GALAXY
399,English,2006,6,2.99,HAPPINESS UNITED
400,English,2006,7,2.99,HARDLY ROBBERS
401,English,2006,6,0.99,HAROLD FRENCH
402,English,2006,3,0.99,HARPER DYING
403,English,2006,5,4.99,HARRY IDAHO
404,English,2006,4,0.99,HATE HANDICAP
405,English,2006,6,4.99,HAUNTED ANTITRUST
406,English,2006,5,0.99,HAUNTING PIANIST
407,English,2006,5,0.99,HAWK CHILL
408,English,2006,4,4.99,HEAD STRANGER
409,English,2006,3,4.99,HEARTBREAKERS BRIGHT
410,English,2006,7,2.99,HEAVEN FREEDOM
411,English,2006,5,4.99,HEAVENLY GUN
412,English,2006,6,4.99,HEAVYWEIGHTS BEAST
413,English,2006,7,2.99,HEDWIG ALTER
414,English,2006,3,2.99,HELLFIGHTERS SIERRA
415,English,2006,3,2.99,HIGH ENCINO
416,English,2006,6,0.99,HIGHBALL POTTER
417,English,2006,5,0.99,HILLS NEIGHBORS
418,English,2006,5,0.99,HOBBIT ALIEN
419,English,2006,4,2.99,HOCUS FRIDA
420,English,2006,7,4.99,HOLES BRANNIGAN
421,English,2006,7,4.99,HOLIDAY GAMES
422,English,2006,7,4.99,HOLLOW JEOPARDY
423,English,2006,7,0.99,HOLLYWOOD ANONYMOUS
424,English,2006,6,0.99,HOLOCAUST HIGHBALL
425,English,2006,6,0.99,HOLY TADPOLE
426,English,2006,7,4.99,HOME PITY
427,English,2006,5,0.99,HOMEWARD CIDER
428,English,2006,6,2.99,HOMICIDE PEACH
429,English,2006,3,0.99,HONEY TIES
430,English,2006,7,0.99,HOOK CHARIOTS
431,English,2006,3,2.99,HOOSIERS BIRDCAGE
432,English,2006,4,2.99,HOPE TOOTSIE
433,English,2006,4,2.99,HORN WORKING
434,English,2006,3,0.99,HORROR REIGN
435,English,2006,6,4.99,HOTEL HAPPINESS
436,English,2006,4,0.99,HOURS RAGE
437,English,2006,7,2.99,HOUSE DYNAMITE
438,English,2006,3,2.99,HUMAN GRAFFITI
439,English,2006,4,4.99,HUNCHBACK IMPOSSIBLE
440,English,2006,6,0.99,HUNGER ROOF
441,English,2006,5,2.99,HUNTER ALTER
442,English,2006,6,2.99,HUNTING MUSKETEERS
443,English,2006,6,2.99,HURRICANE AFFAIR
444,English,2006,3,4.99,HUSTLER PARTY
445,English,2006,5,2.99,HYDE DOCTOR
446,English,2006,5,4.99,HYSTERICAL GRAIL
447,English,2006,5,2.99,ICE CROSSING
448,English,2006,3,2.99,IDAHO LOVE
449,English,2006,4,2.99,IDENTITY LOVER
450,English,2006,5,2.99,IDOLS SNATCHERS
451,English,2006,7,4.99,IGBY MAKER
452,English,2006,4,0.99,ILLUSION AMELIE
453,English,2006,3,2.99,IMAGE PRINCESS
454,English,2006,6,0.99,IMPACT ALADDIN
455,English,2006,7,4.99,IMPOSSIBLE PREJUDICE
456,English,2006,6,4.99,INCH JET
457,English,2006,5,0.99,INDEPENDENCE HOTEL
458,English,2006,4,0.99,INDIAN LOVE
459,English,2006,4,4.99,INFORMER DOUBLE
460,English,2006,3,4.99,INNOCENT USUAL
461,English,2006,3,0.99,INSECTS STONE
462,English,2006,5,2.99,INSIDER ARIZONA
463,English,2006,4,2.99,INSTINCT AIRPORT
464,English,2006,3,2.99,INTENTIONS EMPIRE
465,English,2006,4,4.99,INTERVIEW LIAISONS
466,English,2006,6,4.99,INTOLERABLE INTENTIONS
467,English,2006,6,0.99,INTRIGUE WORST
468,English,2006,5,2.99,INVASION CYCLONE
469,English,2006,7,4.99,IRON MOON
470,English,2006,4,4.99,ISHTAR ROCKETEER
471,English,2006,7,2.99,ISLAND EXORCIST
472,English,2006,3,4.99,ITALIAN AFRICAN
473,English,2006,5,2.99,JACKET FRISCO
474,English,2006,6,2.99,JADE BUNCH
475,English,2006,6,0.99,JAPANESE RUN
476,English,2006,5,2.99,JASON TRAP
477,English,2006,5,0.99,JAWBREAKER BROOKLYN
478,English,2006,4,2.99,JAWS HARRY
479,English,2006,7,0.99,JEDI BENEATH
480,English,2006,3,2.99,JEEPERS WEDDING
481,English,2006,4,2.99,JEKYLL FROGMEN
482,English,2006,3,0.99,JEOPARDY ENCINO
483,English,2006,3,2.99,JERICHO MULAN
484,English,2006,3,2.99,JERK PAYCHECK
485,English,2006,6,4.99,JERSEY SASSY
486,English,2006,7,4.99,JET NEIGHBORS
487,English,2006,6,4.99,JINGLE SAGEBRUSH
488,English,2006,3,0.99,JOON NORTHWEST
489,English,2006,4,0.99,JUGGLER HARDLY
490,English,2006,4,2.99,JUMANJI BLADE
491,English,2006,4,0.99,JUMPING WRATH
492,English,2006,6,0.99,JUNGLE CLOSER
493,English,2006,5,0.99,KANE EXORCIST
494,English,2006,4,0.99,KARATE MOON
495,English,2006,5,2.99,KENTUCKIAN GIANT
496,English,2006,3,0.99,KICK SAVANNAH
497,English,2006,4,0.99,KILL BROTHERHOOD
498,English,2006,7,2.99,KILLER INNOCENT
499,English,2006,3,4.99,KING EVOLUTION
500,English,2006,5,4.99,KISS GLORY
501,English,2006,3,4.99,KISSING DOLLS
502,English,2006,4,2.99,KNOCK WARLOCK
503,English,2006,3,2.99,KRAMER CHOCOLATE
504,English,2006,5,0.99,KWAI HOMEWARD
505,English,2006,6,2.99,LABYRINTH LEAGUE
506,English,2006,4,4.99,LADY STAGE
507,English,2006,4,0.99,LADYBUGS ARMAGEDDON
508,English,2006,6,4.99,LAMBS CINCINATTI
509,English,2006,5,0.99,LANGUAGE COWBOY
510,English,2006,6,4.99,LAWLESS VISION
511,English,2006,7,0.99,LAWRENCE LOVE
512,English,2006,5,4.99,LEAGUE HELLFIGHTERS
513,English,2006,6,2.99,LEATHERNECKS DWARFS
514,English,2006,6,2.99,LEBOWSKI SOLDIERS
515,English,2006,7,4.99,LEGALLY SECRETARY
516,English,2006,7,0.99,LEGEND JEDI
517,English,2006,3,0.99,LESSON CLEOPATRA
518,English,2006,5,4.99,LIAISONS SWEET
519,English,2006,3,2.99,LIBERTY MAGNIFICENT
520,English,2006,7,2.99,LICENSE WEEKEND
521,English,2006,7,4.99,LIES TREATMENT
522,English,2006,4,2.99,LIFE TWISTED
523,English,2006,7,0.99,LIGHTS DEER
524,English,2006,6,0.99,LION UNCUT
525,English,2006,4,0.99,LOATHING LEGALLY
526,English,2006,7,2.99,LOCK REAR
527,English,2006,4,4.99,LOLA AGENT
528,English,2006,4,2.99,LOLITA WORLD
529,English,2006,3,2.99,LONELY ELEPHANT
530,English,2006,5,2.99,LORD ARIZONA
531,English,2006,3,0.99,LOSE INCH
532,English,2006,5,4.99,LOSER HUSTLER
533,English,2006,4,2.99,LOST BIRD
534,English,2006,5,0.99,LOUISIANA HARRY
535,English,2006,6,0.99,LOVE SUICIDES
536,English,2006,3,2.99,LOVELY JINGLE
537,English,2006,3,2.99,LOVER TRUMAN
538,English,2006,7,0.99,LOVERBOY ATTACKS
539,English,2006,7,2.99,LUCK OPUS
540,English,2006,7,2.99,LUCKY FLYING
541,English,2006,5,2.99,LUKE MUMMY
542,English,2006,3,2.99,LUST LOCK
543,English,2006,5,4.99,MADIGAN DORADO
544,English,2006,4,2.99,MADISON TRAP
545,English,2006,4,0.99,MADNESS ATTACKS
546,English,2006,7,2.99,MADRE GABLES
547,English,2006,3,0.99,MAGIC MALLRATS
548,English,2006,3,2.99,MAGNIFICENT CHITTY
549,English,2006,4,0.99,MAGNOLIA FORRESTER
550,English,2006,6,2.99,MAGUIRE APACHE
551,English,2006,3,4.99,MAIDEN HOME
552,English,2006,5,0.99,MAJESTIC FLOATS
553,English,2006,4,0.99,MAKER GABLES
554,English,2006,6,2.99,MALKOVICH PET
555,English,2006,4,0.99,MALLRATS UNITED
556,English,2006,6,4.99,MALTESE HOPE
557,English,2006,5,2.99,MANCHURIAN CURTAIN
558,English,2006,3,2.99,MANNEQUIN WORST
559,English,2006,7,2.99,MARRIED GO
560,English,2006,6,0.99,MARS ROMAN
561,English,2006,6,2.99,MASK PEACH
562,English,2006,6,0.99,MASKED BUBBLE
563,English,2006,6,4.99,MASSACRE USUAL
564,English,2006,4,2.99,MASSAGE IMAGE
565,English,2006,6,4.99,MATRIX SNOWMAN
566,English,2006,6,0.99,MAUDE MOD
567,English,2006,3,2.99,MEET CHOCOLATE
568,English,2006,4,4.99,MEMENTO ZOOLANDER
569,English,2006,7,2.99,MENAGERIE RUSHMORE
570,English,2006,5,4.99,MERMAID INSECTS
571,English,2006,6,2.99,METAL ARMAGEDDON
572,English,2006,4,2.99,METROPOLIS COMA
573,English,2006,6,2.99,MICROCOSMOS PARADISE
574,English,2006,3,0.99,MIDNIGHT WESTWARD
575,English,2006,3,4.99,MIDSUMMER GROUNDHOG
576,English,2006,7,2.99,MIGHTY LUCK
577,English,2006,4,0.99,MILE MULAN
578,English,2006,4,4.99,MILLION ACE
579,English,2006,3,4.99,MINDS TRUMAN
580,English,2006,3,4.99,MINE TITANS
581,English,2006,4,0.99,MINORITY KISS
582,English,2006,3,2.99,MIRACLE VIRTUAL
583,English,2006,3,4.99,MISSION ZOOLANDER
584,English,2006,6,2.99,MIXED DOORS
585,English,2006,4,0.99,MOB DUFFEL
586,English,2006,4,0.99,MOCKINGBIRD HOLLYWOOD
587,English,2006,6,4.99,MOD SECRETARY
588,English,2006,4,4.99,MODEL FISH
589,English,2006,3,0.99,MODERN DORADO
590,English,2006,3,2.99,MONEY HAROLD
591,English,2006,6,4.99,MONSOON CAUSE
592,English,2006,6,2.99,MONSTER SPARTACUS
593,English,2006,6,0.99,MONTEREY LABYRINTH
594,English,2006,6,0.99,MONTEZUMA COMMAND
595,English,2006,7,0.99,MOON BUNCH
596,English,2006,4,4.99,MOONSHINE CABIN
597,English,2006,5,4.99,MOONWALKER FOOL
598,English,2006,6,0.99,MOSQUITO ARMAGEDDON
599,English,2006,3,0.99,MOTHER OLEANDER
600,English,2006,5,0.99,MOTIONS DETAILS
601,English,2006,4,0.99,MOULIN WAKE
602,English,2006,5,0.99,MOURNING PURPLE
603,English,2006,6,4.99,MOVIE SHAKESPEARE
604,English,2006,4,0.99,MULAN MOON
605,English,2006,7,2.99,MULHOLLAND BEAST
606,English,2006,3,0.99,MUMMY CREATURES
607,English,2006,5,4.99,MUPPET MILE
608,English,2006,6,2.99,MURDER ANTITRUST
609,English,2006,7,2.99,MUSCLE BRIGHT
610,English,2006,7,0.99,MUSIC BOONDOCK
611,English,2006,7,4.99,MUSKETEERS WAIT
612,English,2006,6,2.99,MUSSOLINI SPOILERS
613,English,2006,5,0.99,MYSTIC TRUMAN
614,English,2006,5,4.99,NAME DETECTIVE
615,English,2006,6,2.99,NASH CHOCOLAT
616,English,2006,4,2.99,NATIONAL STORY
617,English,2006,4,0.99,NATURAL STOCK
618,English,2006,3,0.99,NECKLACE OUTBREAK
619,English,2006,3,0.99,NEIGHBORS CHARADE
620,English,2006,5,2.99,NEMO CAMPUS
621,English,2006,5,2.99,NETWORK PEAK
622,English,2006,4,0.99,NEWSIES STORY
623,English,2006,4,0.99,NEWTON LABYRINTH
624,English,2006,3,4.99,NIGHTMARE CHILL
625,English,2006,3,0.99,NONE SPIKING
626,English,2006,5,2.99,NOON PAPI
627,English,2006,4,4.99,NORTH TEQUILA
628,English,2006,5,2.99,NORTHWEST POLISH
629,English,2006,7,0.99,NOTORIOUS REUNION
630,English,2006,7,0.99,NOTTING SPEAKEASY
631,English,2006,4,0.99,NOVOCAINE FLIGHT
632,English,2006,5,4.99,NUTS TIES
633,English,2006,6,4.99,OCTOBER SUBMARINE
634,English,2006,6,0.99,ODDS BOOGIE
635,English,2006,7,0.99,OKLAHOMA JUMANJI
636,English,2006,5,0.99,OLEANDER CLUE
637,English,2006,7,4.99,OPEN AFRICAN
638,English,2006,7,2.99,OPERATION OPERATION
639,English,2006,7,4.99,OPPOSITE NECKLACE
640,English,2006,5,4.99,OPUS ICE
641,English,2006,4,0.99,ORANGE GRAPES
642,English,2006,7,2.99,ORDER BETRAYED
643,English,2006,3,2.99,ORIENT CLOSER
644,English,2006,7,2.99,OSCAR GOLD
645,English,2006,7,2.99,OTHERS SOUP
646,English,2006,6,0.99,OUTBREAK DIVINE
647,English,2006,4,0.99,OUTFIELD MASSACRE
648,English,2006,7,4.99,OUTLAW HANKY
649,English,2006,4,2.99,OZ LIAISONS
650,English,2006,3,0.99,PACIFIC AMISTAD
651,English,2006,3,0.99,PACKER MADIGAN
652,English,2006,3,0.99,PAJAMA JAWBREAKER
653,English,2006,3,4.99,PANIC CLUB
654,English,2006,4,4.99,PANKY SUBMARINE
655,English,2006,5,4.99,PANTHER REDS
656,English,2006,3,0.99,PAPI NECKLACE
657,English,2006,5,2.99,PARADISE SABRINA
658,English,2006,7,2.99,PARIS WEEKEND
659,English,2006,3,4.99,PARK CITIZEN
660,English,2006,7,2.99,PARTY KNOCK
661,English,2006,5,4.99,PAST SUICIDES
662,English,2006,3,4.99,PATHS CONTROL
663,English,2006,7,0.99,PATIENT SISTER
664,English,2006,6,2.99,PATRIOT ROMAN
665,English,2006,4,2.99,PATTON INTERVIEW
666,English,2006,4,4.99,PAYCHECK WAIT
667,English,2006,3,2.99,PEACH INNOCENT
668,English,2006,7,4.99,PEAK FOREVER
669,English,2006,3,2.99,PEARL DESTINY
670,English,2006,4,4.99,PELICAN COMFORTS
671,English,2006,7,4.99,PERDITION FARGO
672,English,2006,7,2.99,PERFECT GROOVE
673,English,2006,3,0.99,PERSONAL LADYBUGS
674,English,2006,3,0.99,PET HAUNTING
675,English,2006,6,2.99,PHANTOM GLORY
676,English,2006,7,4.99,PHILADELPHIA WIFE
677,English,2006,6,0.99,PIANIST OUTFIELD
678,English,2006,3,2.99,PICKUP DRIVING
679,English,2006,6,2.99,PILOT HOOSIERS
680,English,2006,4,4.99,PINOCCHIO SIMON
681,English,2006,4,0.99,PIRATES ROXANNE
682,English,2006,4,4.99,PITTSBURGH HUNCHBACK
683,English,2006,5,4.99,PITY BOUND
684,English,2006,4,2.99,PIZZA JUMANJI
685,English,2006,6,4.99,PLATOON INSTINCT
686,English,2006,5,4.99,PLUTO OLEANDER
687,English,2006,6,0.99,POCUS PULP
688,English,2006,6,0.99,POLISH BROOKLYN
689,English,2006,5,2.99,POLLOCK DELIVERANCE
690,English,2006,7,2.99,POND SEATTLE
691,English,2006,6,4.99,POSEIDON FOREVER
692,English,2006,3,2.99,POTLUCK MIXED
693,English,2006,5,2.99,POTTER CONNECTICUT
694,English,2006,6,4.99,PREJUDICE OLEANDER
695,English,2006,6,4.99,PRESIDENT BANG
696,English,2006,6,0.99,PRIDE ALAMO
697,English,2006,7,0.99,PRIMARY GLASS
698,English,2006,3,2.99,PRINCESS GIANT
699,English,2006,7,4.99,PRIVATE DROP
700,English,2006,4,2.99,PRIX UNDEFEATED
701,English,2006,5,2.99,PSYCHO SHRUNK
702,English,2006,4,2.99,PULP BEVERLY
703,English,2006,6,4.99,PUNK DIVORCE
704,English,2006,3,2.99,PURE RUNNER
705,English,2006,4,2.99,PURPLE MOVIE
706,English,2006,5,4.99,QUEEN LUKE
707,English,2006,5,2.99,QUEST MUSSOLINI
708,English,2006,4,4.99,QUILLS BULL
709,English,2006,7,2.99,RACER EGG
710,English,2006,4,4.99,RAGE GAMES
711,English,2006,4,4.99,RAGING AIRPLANE
712,English,2006,4,0.99,RAIDERS ANTITRUST
713,English,2006,3,4.99,RAINBOW SHOCK
714,English,2006,6,2.99,RANDOM GO
715,English,2006,3,4.99,RANGE MOONWALKER
716,English,2006,6,2.99,REAP UNFAITHFUL
717,English,2006,6,0.99,REAR TRADING
718,English,2006,7,0.99,REBEL AIRPORT
719,English,2006,7,4.99,RECORDS ZORRO
720,English,2006,3,2.99,REDEMPTION COMFORTS
721,English,2006,7,4.99,REDS POCUS
722,English,2006,5,0.99,REEF SALUTE
723,English,2006,3,2.99,REIGN GENTLEMEN
724,English,2006,5,2.99,REMEMBER DIARY
725,English,2006,6,4.99,REQUIEM TYCOON
726,English,2006,7,2.99,RESERVOIR ADAPTATION
727,English,2006,6,0.99,RESURRECTION SILVERADO
728,English,2006,3,0.99,REUNION WITCHES
729,English,2006,5,2.99,RIDER CADDYSHACK
730,English,2006,3,0.99,RIDGEMONT SUBMARINE
731,English,2006,7,4.99,RIGHT CRANES
732,English,2006,5,0.99,RINGS HEARTBREAKERS
733,English,2006,4,0.99,RIVER OUTLAW
734,English,2006,4,4.99,ROAD ROXANNE
735,English,2006,7,2.99,ROBBERS JOON
736,English,2006,4,0.99,ROBBERY BRIGHT
737,English,2006,4,0.99,ROCK INSTINCT
738,English,2006,3,0.99,ROCKETEER MOTHER
739,English,2006,4,4.99,ROCKY WAR
740,English,2006,5,2.99,ROLLERCOASTER BRINGING
741,English,2006,7,0.99,ROMAN PUNK
742,English,2006,7,0.99,ROOF CHAMPION
743,English,2006,7,0.99,ROOM ROMAN
744,English,2006,4,0.99,ROOTS REMEMBER
745,English,2006,5,4.99,ROSES TREASURE
746,English,2006,3,0.99,ROUGE SQUAD
747,English,2006,5,0.99,ROXANNE REBEL
748,English,2006,4,0.99,RUGRATS SHAKESPEARE
749,English,2006,6,4.99,RULES HUMAN
750,English,2006,3,0.99,RUN PACIFIC
751,English,2006,6,0.99,RUNAWAY TENENBAUMS
752,English,2006,6,0.99,RUNNER MADIGAN
753,English,2006,3,0.99,RUSH GOODFELLAS
754,English,2006,6,2.99,RUSHMORE MERMAID
755,English,2006,5,4.99,SABRINA MIDNIGHT
756,English,2006,7,2.99,SADDLE ANTITRUST
757,English,2006,4,2.99,SAGEBRUSH CLUELESS
758,English,2006,5,2.99,SAINTS BRIDE
759,English,2006,4,2.99,SALUTE APOLLO
760,English,2006,5,2.99,SAMURAI LION
761,English,2006,7,2.99,SANTA PARIS
762,English,2006,6,0.99,SASSY PACKER
763,English,2006,3,4.99,SATISFACTION CONFIDENTIAL
764,English,2006,3,4.99,SATURDAY LAMBS
765,English,2006,7,4.99,SATURN NAME
766,English,2006,5,0.99,SAVANNAH TOWN
767,English,2006,6,4.99,SCALAWAG DUCK
768,English,2006,3,4.99,SCARFACE BANG
769,English,2006,5,4.99,SCHOOL JACKET
770,English,2006,5,2.99,SCISSORHANDS SLUMS
788,English,2006,5,2.99,SHIP WONDERLAND
771,English,2006,3,4.99,SCORPION APOLLO
772,English,2006,4,2.99,SEA VIRGIN
773,English,2006,6,2.99,SEABISCUIT PUNK
774,English,2006,3,2.99,SEARCHERS WAIT
775,English,2006,4,4.99,SEATTLE EXPECATIONS
776,English,2006,6,4.99,SECRET GROUNDHOG
777,English,2006,5,4.99,SECRETARY ROUGE
778,English,2006,3,4.99,SECRETS PARADISE
779,English,2006,4,4.99,SENSE GREEK
780,English,2006,7,4.99,SENSIBILITY REAR
781,English,2006,4,4.99,SEVEN SWARM
782,English,2006,6,2.99,SHAKESPEARE SADDLE
783,English,2006,5,2.99,SHANE DARKNESS
784,English,2006,7,2.99,SHANGHAI TYCOON
785,English,2006,6,4.99,SHAWSHANK BUBBLE
786,English,2006,7,0.99,SHEPHERD MIDSUMMER
787,English,2006,4,0.99,SHINING ROSES
789,English,2006,7,2.99,SHOCK CABIN
790,English,2006,6,0.99,SHOOTIST SUPERFLY
791,English,2006,3,4.99,SHOW LORD
792,English,2006,7,2.99,SHREK LICENSE
793,English,2006,6,2.99,SHRUNK DIVINE
794,English,2006,5,0.99,SIDE ARK
795,English,2006,7,0.99,SIEGE MADRE
796,English,2006,3,0.99,SIERRA DIVIDE
797,English,2006,7,0.99,SILENCE KANE
798,English,2006,4,4.99,SILVERADO GOLDFINGER
799,English,2006,3,0.99,SIMON NORTH
800,English,2006,7,2.99,SINNERS ATLANTIS
801,English,2006,5,4.99,SISTER FREDDY
802,English,2006,7,2.99,SKY MIRACLE
803,English,2006,7,4.99,SLACKER LIAISONS
804,English,2006,7,4.99,SLEEPING SUSPECTS
805,English,2006,5,4.99,SLEEPLESS MONSOON
806,English,2006,4,2.99,SLEEPY JAPANESE
807,English,2006,4,0.99,SLEUTH ORIENT
808,English,2006,5,0.99,SLING LUKE
809,English,2006,5,0.99,SLIPPER FIDELITY
810,English,2006,5,0.99,SLUMS DUCK
811,English,2006,4,2.99,SMILE EARRING
812,English,2006,7,0.99,SMOKING BARBARELLA
813,English,2006,7,0.99,SMOOCHY CONTROL
814,English,2006,6,4.99,SNATCH SLIPPER
815,English,2006,4,2.99,SNATCHERS MONTEZUMA
816,English,2006,3,0.99,SNOWMAN ROLLERCOASTER
817,English,2006,7,4.99,SOLDIERS EVOLUTION
818,English,2006,4,4.99,SOMETHING DUCK
819,English,2006,3,0.99,SONG HEDWIG
820,English,2006,3,2.99,SONS INTERVIEW
821,English,2006,6,0.99,SORORITY QUEEN
822,English,2006,6,0.99,SOUP WISDOM
823,English,2006,4,2.99,SOUTH WAIT
824,English,2006,4,4.99,SPARTACUS CHEAPER
825,English,2006,6,2.99,SPEAKEASY DATE
826,English,2006,7,4.99,SPEED SUIT
827,English,2006,5,4.99,SPICE SORORITY
828,English,2006,7,2.99,SPIKING ELEMENT
829,English,2006,7,2.99,SPINAL ROCKY
830,English,2006,7,0.99,SPIRIT FLINTSTONES
831,English,2006,5,0.99,SPIRITED CASUALTIES
832,English,2006,5,0.99,SPLASH GUMP
833,English,2006,5,0.99,SPLENDOR PATTON
834,English,2006,4,0.99,SPOILERS HELLFIGHTERS
835,English,2006,6,2.99,SPY MILE
836,English,2006,3,2.99,SQUAD FISH
837,English,2006,4,2.99,STAGE WORLD
838,English,2006,5,4.99,STAGECOACH ARMAGEDDON
839,English,2006,5,0.99,STALLION SUNDANCE
840,English,2006,5,0.99,STAMPEDE DISTURBING
841,English,2006,5,2.99,STAR OPERATION
842,English,2006,4,2.99,STATE WASTELAND
843,English,2006,4,4.99,STEEL SANTA
844,English,2006,6,4.99,STEERS ARMAGEDDON
845,English,2006,7,4.99,STEPMOM DREAM
846,English,2006,3,4.99,STING PERSONAL
847,English,2006,7,2.99,STOCK GLASS
848,English,2006,3,0.99,STONE FIRE
849,English,2006,6,0.99,STORM HAPPINESS
850,English,2006,7,0.99,STORY SIDE
851,English,2006,3,0.99,STRAIGHT HOURS
852,English,2006,4,0.99,STRANGELOVE DESIRE
853,English,2006,3,4.99,STRANGER STRANGERS
854,English,2006,4,4.99,STRANGERS GRAFFITI
855,English,2006,7,0.99,STREAK RIDGEMONT
856,English,2006,5,4.99,STREETCAR INTENTIONS
857,English,2006,3,2.99,STRICTLY SCARFACE
858,English,2006,5,4.99,SUBMARINE BED
859,English,2006,3,4.99,SUGAR WONKA
860,English,2006,4,4.99,SUICIDES SILENCE
861,English,2006,3,4.99,SUIT WALLS
862,English,2006,5,0.99,SUMMER SCARFACE
863,English,2006,5,0.99,SUN CONFESSIONS
864,English,2006,5,0.99,SUNDANCE INVASION
865,English,2006,3,4.99,SUNRISE LEAGUE
866,English,2006,6,0.99,SUNSET RACER
867,English,2006,5,4.99,SUPER WYOMING
868,English,2006,5,0.99,SUPERFLY TRIP
869,English,2006,4,2.99,SUSPECTS QUILLS
870,English,2006,4,0.99,SWARM GOLD
871,English,2006,6,4.99,SWEDEN SHINING
872,English,2006,3,2.99,SWEET BROTHERHOOD
873,English,2006,3,0.99,SWEETHEARTS SUSPECTS
874,English,2006,6,2.99,TADPOLE PARK
875,English,2006,6,0.99,TALENTED HOMICIDE
876,English,2006,3,2.99,TARZAN VIDEOTAPE
877,English,2006,4,0.99,TAXI KICK
878,English,2006,3,4.99,TEEN APOLLO
879,English,2006,3,4.99,TELEGRAPH VOYAGE
880,English,2006,6,2.99,TELEMARK HEARTBREAKERS
881,English,2006,5,4.99,TEMPLE ATTRACTION
882,English,2006,4,0.99,TENENBAUMS COMMAND
883,English,2006,6,4.99,TEQUILA PAST
884,English,2006,5,4.99,TERMINATOR CLUB
885,English,2006,7,0.99,TEXAS WATCH
886,English,2006,5,0.99,THEORY MERMAID
887,English,2006,5,4.99,THIEF PELICAN
888,English,2006,5,4.99,THIN SAGEBRUSH
889,English,2006,3,4.99,TIES HUNGER
890,English,2006,5,0.99,TIGHTS DAWN
891,English,2006,3,0.99,TIMBERLAND SKY
892,English,2006,3,4.99,TITANIC BOONDOCK
893,English,2006,4,4.99,TITANS JERK
894,English,2006,6,0.99,TOMATOES HELLFIGHTERS
895,English,2006,3,2.99,TOMORROW HUSTLER
896,English,2006,3,0.99,TOOTSIE PILOT
897,English,2006,3,4.99,TORQUE BOUND
898,English,2006,4,4.99,TOURIST PELICAN
899,English,2006,7,0.99,TOWERS HURRICANE
900,English,2006,6,2.99,TOWN ARK
901,English,2006,3,0.99,TRACY CIDER
902,English,2006,6,4.99,TRADING PINOCCHIO
903,English,2006,5,4.99,TRAFFIC HOBBIT
904,English,2006,3,4.99,TRAIN BUNCH
905,English,2006,7,4.99,TRAINSPOTTING STRANGERS
906,English,2006,4,0.99,TRAMP OTHERS
907,English,2006,4,0.99,TRANSLATION SUMMER
908,English,2006,3,4.99,TRAP GUYS
909,English,2006,3,0.99,TREASURE COMMAND
910,English,2006,3,0.99,TREATMENT JEKYLL
911,English,2006,7,4.99,TRIP NEWTON
912,English,2006,3,2.99,TROJAN TOMORROW
913,English,2006,3,0.99,TROOPERS METAL
914,English,2006,6,2.99,TROUBLE DATE
915,English,2006,7,4.99,TRUMAN CRAZY
916,English,2006,3,2.99,TURN STAR
917,English,2006,3,2.99,TUXEDO MILE
918,English,2006,4,4.99,TWISTED PIRATES
919,English,2006,3,4.99,TYCOON GATHERING
920,English,2006,3,0.99,UNBREAKABLE KARATE
921,English,2006,7,2.99,UNCUT SUICIDES
922,English,2006,7,4.99,UNDEFEATED DALMATIONS
923,English,2006,7,2.99,UNFAITHFUL KILL
924,English,2006,7,0.99,UNFORGIVEN ZOOLANDER
925,English,2006,3,0.99,UNITED PILOT
926,English,2006,5,2.99,UNTOUCHABLES SUNRISE
927,English,2006,6,2.99,UPRISING UPTOWN
928,English,2006,5,2.99,UPTOWN YOUNG
929,English,2006,5,4.99,USUAL UNTOUCHABLES
930,English,2006,4,2.99,VACATION BOONDOCK
931,English,2006,7,0.99,VALENTINE VANISHING
932,English,2006,3,0.99,VALLEY PACKER
933,English,2006,4,4.99,VAMPIRE WHALE
934,English,2006,7,4.99,VANILLA DAY
935,English,2006,5,0.99,VANISHED GARDEN
936,English,2006,3,2.99,VANISHING ROCKY
937,English,2006,7,2.99,VARSITY TRIP
938,English,2006,3,4.99,VELVET TERMINATOR
939,English,2006,4,2.99,VERTIGO NORTHWEST
940,English,2006,6,0.99,VICTORY ACADEMY
941,English,2006,4,4.99,VIDEOTAPE ARSENIC
942,English,2006,7,0.99,VIETNAM SMOOCHY
943,English,2006,4,4.99,VILLAIN DESPERATE
944,English,2006,6,4.99,VIRGIN DAISY
945,English,2006,5,0.99,VIRGINIAN PLUTO
946,English,2006,3,4.99,VIRTUAL SPOILERS
947,English,2006,5,0.99,VISION TORQUE
948,English,2006,6,0.99,VOICE PEACH
949,English,2006,6,0.99,VOLCANO TEXAS
950,English,2006,7,4.99,VOLUME HOUSE
951,English,2006,6,0.99,VOYAGE LEGALLY
952,English,2006,7,2.99,WAGON JAWS
953,English,2006,3,0.99,WAIT CIDER
954,English,2006,7,4.99,WAKE JAWS
955,English,2006,7,4.99,WALLS ARTIST
956,English,2006,7,4.99,WANDA CHAMBER
957,English,2006,7,4.99,WAR NOTTING
958,English,2006,6,2.99,WARDROBE PHANTOM
959,English,2006,6,2.99,WARLOCK WEREWOLF
960,English,2006,5,2.99,WARS PLUTO
961,English,2006,7,4.99,WASH HEAVENLY
962,English,2006,7,2.99,WASTELAND DIVINE
963,English,2006,5,0.99,WATCH TRACY
964,English,2006,4,4.99,WATERFRONT DELIVERANCE
965,English,2006,6,0.99,WATERSHIP FRONTIER
966,English,2006,3,0.99,WEDDING APOLLO
967,English,2006,5,2.99,WEEKEND PERSONAL
968,English,2006,6,4.99,WEREWOLF LOLA
969,English,2006,4,4.99,WEST LION
970,English,2006,7,0.99,WESTWARD SEABISCUIT
971,English,2006,4,4.99,WHALE BIKINI
972,English,2006,4,4.99,WHISPERER GIANT
973,English,2006,3,4.99,WIFE TURN
974,English,2006,4,0.99,WILD APOLLO
975,English,2006,6,2.99,WILLOW TRACY
976,English,2006,6,0.99,WIND PHANTOM
977,English,2006,3,2.99,WINDOW SIDE
978,English,2006,3,0.99,WISDOM WORKER
979,English,2006,6,4.99,WITCHES PANIC
980,English,2006,4,4.99,WIZARD COLDBLOODED
981,English,2006,7,0.99,WOLVES DESIRE
982,English,2006,4,0.99,WOMEN DORADO
983,English,2006,7,2.99,WON DARES
984,English,2006,3,2.99,WONDERFUL DROP
985,English,2006,4,4.99,WONDERLAND CHRISTMAS
986,English,2006,6,2.99,WONKA SEA
987,English,2006,3,2.99,WORDS HUNTER
988,English,2006,7,2.99,WORKER TARZAN
989,English,2006,4,4.99,WORKING MICROCOSMOS
990,English,2006,3,0.99,WORLD LEATHERNECKS
991,English,2006,4,2.99,WORST BANGER
992,English,2006,5,0.99,WRATH MILE
993,English,2006,6,2.99,WRONG BEHAVIOR
994,English,2006,6,4.99,WYOMING STORM
995,English,2006,5,4.99,YENTL IDAHO
996,English,2006,6,0.99,YOUNG LANGUAGE
997,English,2006,4,0.99,YOUTH KICK
998,English,2006,6,0.99,ZHIVAGO CORE
999,English,2006,5,2.99,ZOOLANDER FICTION
1000,English,2006,3,4.99,ZORRO ARK
2,English,2006,3,4.99,ACE GOLDFINGER
